date,asset_id,sector,sector_id,open,high,low,close,volume,bid,ask,spread_bps,ret_1d,ret_5d,ret_21d,vol_21d,vol_63d,rsi_14,momentum_10,momentum_21,volume_z_21,range_hl,mkt_ret_1d,mkt_vol_21d,iv_21d,iv_skew,attn_sector,attn_mkt,attn_dispersion,y_dir_1d,y_dir_5d,y_exret_5d,y_stress_5d,rank_21d,fwd_ret_5d,fwd_ret_21d
2018-03-30,QF01,Tech,0,135.9119767805153,137.67560582331043,136.61245568661639,137.1440307549634,1500314.3087101837,136.61245568661639,137.67560582331043,77.52070074370303,0.00906508759296288,0.05503044345052408,0.17648338536454758,0.01045207199351499,0.011835284159107796,93.35412302552487,0.13157466675725726,0.1908538510192037,1.0902409670497926,0.007752070074370128,0.007243404246015404,0.008048192022732067,0.16878696835605897,-0.027400188248379555,0.3302424181752512,0.086706925263777,0.01584062151956656,1.0,1.0,0.0007642498278085802,0.0,0.3333333333333333,0.024516649437016654,-0.03515333978429329
2018-04-02,QF01,Tech,0,137.1440307549634,138.35440210621906,137.61055276609025,137.98247743615465,1291193.3274882622,137.61055276609025,138.35440210621906,53.90897119331712,0.00611362139916464,0.05016132210108842,0.18941304871940318,0.009875607125258925,0.011834179239021648,98.07018171732426,0.12693194609835334,0.2063568595744676,0.510787669844722,0.005390897119331604,0.009797874423989448,0.007810884998970369,0.1650590342074483,-0.031047355987085887,0.31026956730705896,0.08249975343101278,0.008860635521028991,1.0,1.0,0.01177082823371884,0.0,0.3333333333333333,0.019837497417896727,-0.04866771097722826
2018-04-03,QF01,Tech,0,137.98247743615465,141.010093750723,139.2112310490777,140.11066239990035,562287.4302161437,139.2112310490777,141.010093750723,128.38870867022547,0.015423588583778186,0.06386533712499345,0.21015737221241018,0.009395274249040034,0.011876433415205594,98.07740109260187,0.1430994032435171,0.23151578046615517,-1.223608823311374,0.012838870867022498,0.010398586766433187,0.006961538290160029,0.14774224172923003,-0.03704245191498618,0.35204157868636815,0.08519569832351424,0.022317929341278152,1.0,0.0,0.009207704873479843,0.0,0.4166666666666667,-0.0009472928081399375,-0.05903773104373997
2018-04-04,QF01,Tech,0,140.11066239990035,144.40207990073793,141.86149835176127,143.1317891262496,1534960.2569664011,141.86149835176127,144.40207990073793,177.49946147432783,0.02156243268429098,0.07077728596176995,0.2368613799646522,0.009042921398664585,0.012023070057368442,99.99999999994262,0.14059503567612408,0.2645721492161335,1.2326063140387187,0.01774994614743296,0.007181430411197967,0.005774845233145079,0.13164355055683116,-0.05164502273347269,0.3774955582270094,0.09559527891608968,0.007186233744489279,0.0,0.0,-0.013786848883975345,1.0,0.4166666666666667,-0.02874625760539245,-0.06921094407156103
2018-04-05,QF01,Tech,0,143.1317891262496,142.46362785108573,141.46711558453416,141.96537171780994,1063311.87255762,141.46711558453416,142.46362785108573,70.19403777791402,-0.008149254722239253,0.044015475537957434,0.20650428344027924,0.009616728749374727,0.01189245565628707,94.95072647884848,0.11817439602106394,0.22701741990774815,0.028456693578542528,0.007019403777791548,0.004234158992535985,0.005844617236648166,0.1417650299037565,-0.024601049630898965,0.3068311055367454,0.06596856798351512,0.01625891719806203,0.0,0.0,0.008108714874965964,1.0,0.4166666666666667,-0.012730984120865308,-0.06267853900496004
2018-04-06,QF01,Tech,0,141.96537171780994,141.1055731091496,139.8627111950873,140.48414215211844,349259.51478725666,139.8627111950873,141.1055731091496,88.46990806382321,-0.010433738507977902,0.024516649437016654,0.19123948607924837,0.010545784011763783,0.012023674292304371,88.65550744813712,0.08189463933545738,0.2083772991547872,-1.630365281979073,0.008846990806382349,-0.007859650984948513,0.006842743987799689,0.17176585705146444,-0.023746592707804336,0.4104992568849877,0.10498753119516176,0.013208217823832543,1.0,1.0,0.013619418000293159,1.0,0.4166666666666667,0.002685555934919125,-0.04004639714471911
2018-04-09,QF01,Tech,0,140.48414215211844,140.80155747794794,140.56976722688705,140.6856623524175,1165236.8323332933,140.56976722688705,140.80155747794794,16.475755040357743,0.001434469380044718,0.01983749741789673,0.18444630380412042,0.010677460672116475,0.011818863128011827,88.6901552928263,0.0716766352731284,0.20023555930386228,0.28557611134356353,0.0016475755040357388,-0.005887856001040743,0.0073886098913172014,0.1564474680791868,-0.015542685228991585,0.2984214590994794,0.07458386662636701,0.008855914904763106,0.0,0.0,0.00960978978610384,1.0,0.3333333333333333,-0.0003270771486470459,-0.04202369770882886
2018-04-10,QF01,Tech,0,140.6856623524175,140.26648122242082,139.59635507432213,139.93141814837148,853829.0606563383,139.59635507432213,140.26648122242082,47.88961313806785,-0.005361201642258481,-0.0009472928081399341,0.17113953517294647,0.011115513375401348,0.011878501171999846,83.98846294737805,0.06410136017215495,0.18439020275521845,-0.4157285694652027,0.004788961313806906,-0.007823080099364478,0.007988373902943841,0.1608879987076932,-0.012385239129034017,0.31669904625825357,0.07198590290280472,0.013454946102811683,0.0,1.0,0.0152647731292984,1.0,0.3333333333333333,0.013712523265128297,-0.04954494768144205
2018-04-11,QF01,Tech,0,139.93141814837148,139.4403937458177,138.67706898513615,139.05873136547692,1530724.822711178,138.67706898513615,139.4403937458177,54.892256903692214,-0.006236532112961527,-0.028746257605392442,0.1736812270243114,0.010934338563333998,0.011956282277680213,79.2959975255702,0.04219637668542742,0.1874272172760445,1.12256721467507,0.0054892256903693185,0.002377019371400643,0.008053410116674197,0.17889216517242293,-0.019861334086125244,0.29537381356205317,0.08502829054939832,0.018547372427288496,1.0,1.0,0.01559428788087321,1.0,0.3333333333333333,0.015364957382813722,-0.048339211113514254
2018-04-12,QF01,Tech,0,139.05873136547692,140.62858519588755,139.67655471502783,140.1525699554577,1894499.7033315462,139.67655471502783,140.62858519588755,67.92815009830308,0.007866018762287885,-0.012730984120865303,0.16407075281167532,0.010728958493551356,0.011951656781340851,77.3251328982584,0.031201026395124565,0.17621149020047544,1.7362160237439512,0.006792815009830262,-0.0016461312818781815,0.008266817590841885,0.16373373456967727,-0.010202761741477877,0.40680713388324236,0.10802048957992186,0.0095061870796216,1.0,0.0,0.00342560953220665,1.0,0.25,-0.002272917234294517,-0.06930136404290396
2018-04-13,QF01,Tech,0,140.1525699554577,141.16686800621414,140.5349767897075,140.85092239796083,521387.4935813247,140.5349767897075,141.16686800621414,44.86241238245224,0.00498280154780653,0.00268555593491913,0.17256984086931512,0.010436547270410173,0.011810731619405705,76.41463037033084,0.027029186925536353,0.1862434906178314,-1.118036310150364,0.004486241238245373,0.0020461859455087237,0.008181654085726882,0.17977815739891698,-0.0099652781502691,0.3098150064665219,0.08528322227984222,0.015814982781252443,0.0,0.0,-0.0037520722979845333,1.0,0.08333333333333333,-0.01665034923818049,-0.10857753068072239
2018-04-16,QF01,Tech,0,140.85092239796083,140.75256774774442,140.50470542150526,140.62863658462484,652783.5015677094,140.50470542150526,140.75256774774442,17.625309628171628,-0.0015781637035214538,-0.0003270771486470418,0.15026881945091322,0.01023309278912163,0.011664435463544776,75.18341979655649,0.019177501358421223,0.1603261308842283,-0.7670840310135513,0.0017625309628171218,-0.004890860870417595,0.008440157136517324,0.16542503816664142,-0.025120159388098643,0.3385174076066724,0.08727602521170683,0.006170543817924665,1.0,0.0,-0.011037241312612927,1.0,0.16666666666666666,-0.022785825003273925,-0.1325035147984546
2018-04-17,QF01,Tech,0,140.62863658462484,142.37693934948405,141.32119659371781,141.84906797160093,1008925.4056318627,141.32119659371781,142.37693934948405,74.4271901721349,0.008678398771516863,0.013712523265128302,0.14868862204333583,0.010214928705209608,0.011673269663336667,74.17712518228231,0.012407375298382872,0.15851120513066141,-0.0501095690235013,0.0074427190172134125,0.0005615369712163063,0.008501125990298793,0.13283980062104286,-0.017245856931931893,0.2353207594154634,0.06281880944657657,0.026809246022395088,0.0,0.0,-0.033487131066101114,1.0,0.08333333333333333,-0.05227064515612977,-0.16388856177727623
2018-04-18,QF01,Tech,0,141.84906797160093,141.4930253352744,140.90461055168663,141.19881794348052,691158.1403295044,140.90461055168663,141.4930253352744,41.67278396220881,-0.004584097995276102,0.015364957382813729,0.1430426062918881,0.01045278885635473,0.011731784594267498,66.96559216084044,-0.01350483491171972,0.15197717122488896,-0.6995391836612882,0.004167278396220797,0.003699938737511259,0.008340267516384465,0.16883576998302746,-0.01648132156037871,0.3438189121410054,0.0748276087592355,0.01627981641479728,0.0,0.0,-0.029139464955549126,1.0,0.08333333333333333,-0.05604512934829468,-0.18282434503379477
2018-04-19,QF01,Tech,0,141.19881794348052,140.4005148238595,139.23757207147213,139.81904344766582,1277129.8423812236,139.23757207147213,140.4005148238595,83.17484683856284,-0.009771855854820355,-0.002272917234294512,0.1094653062154129,0.010290154521846931,0.011858044084187364,58.50355562493036,-0.015118674675191013,0.1141962789882065,0.45975754369164357,0.008317484683856164,-0.00711532755031986,0.008256267125921821,0.15775165307528397,-0.024224440255770665,0.27473053360944544,0.07116915229524703,0.021056490195461425,0.0,0.0,-0.028198342587938914,1.0,0.08333333333333333,-0.045906209311932684,-0.19536705098245816
2018-04-20,QF01,Tech,0,139.81904344766582,139.06060475498361,137.95038565252133,138.50549520375247,2178977.411520546,137.95038565252133,139.06060475498361,80.15704364863554,-0.009394630456079443,-0.016650349238180484,0.08833222045118094,0.010647216542827766,0.011645513486806647,51.61386475745641,-0.014084486106791028,0.09092306504787606,2.0393952220975744,0.008015704364863369,-0.005153564228186068,0.008069532673410262,0.1702132270017726,-0.021935215530038084,0.4514920705103586,0.10861926148615138,0.018109093509962912,0.0,0.0,-0.024974005906760546,1.0,0.16666666666666666,-0.031726383986179524,-0.20441849118569308
2018-04-23,QF01,Tech,0,138.50549520375247,137.89552916579382,136.97869833286367,137.43711374932874,882750.6462139295,136.97869833286367,137.89552916579382,66.70911574891912,-0.007713639468614888,-0.02278582500327392,0.05786866011566448,0.010053087634537296,0.011662492440781956,41.17296212688322,-0.023090829220046127,0.05842890402626155,-0.42170658547994433,0.0066709115748919984,-0.0037411676208826358,0.007273228938385949,0.14924269067346937,-0.02671393043377547,0.2784226963796639,0.07589961501358176,0.016682464223999525,0.0,0.0,-0.03723333442821018,1.0,0.16666666666666666,-0.03799155644943369,-0.21034080497451674
2018-04-24,QF01,Tech,0,137.43711374932874,135.7312144280536,133.4238640663968,134.5775392472252,665470.6257151688,133.4238640663968,135.7312144280536,171.45137105071188,-0.020806421381338987,-0.052270645156129766,0.026079495985725187,0.011092015436712777,0.012010912984999738,21.452595267280273,-0.038260734951385156,0.025147851118784592,-0.8722193097763674,0.01714513710507139,-0.006473393428151355,0.006839601011970347,0.18177300073590744,-0.01606862745602014,0.34972671588833854,0.08392342485889445,0.008562716528715344,0.0,0.0,-0.030787449110887023,1.0,0.16666666666666666,-0.02458588486186504,-0.21099364633273002
2018-04-25,QF01,Tech,0,134.5775392472252,133.9322150070982,132.97310864258918,133.4526618248437,935272.720819014,132.97310864258918,133.9322150070982,71.86865749952804,-0.008358582187441005,-0.05604512934829467,0.01600134023841103,0.011286629695584357,0.012031147094586234,21.512239253535014,-0.04031440158834221,0.014833986859465575,-0.2736134174211313,0.007186865749952868,-0.004422211565205632,0.006650562735159559,0.17624596547112856,-0.007200810348755888,0.3153900069674034,0.0744494785385546,0.008435831661500613,1.0,0.0,-0.027458415536443945,1.0,0.08333333333333333,-0.011173734157157555,-0.21268304031230667
2018-04-26,QF01,Tech,0,133.4526618248437,133.55462439800232,133.44867063585963,133.50164751693097,825196.0931734877,133.44867063585963,133.55462439800232,7.936513452333065,0.000367064181541633,-0.045906209311932684,0.0017179205724381767,0.010828920166918176,0.012037733292898025,24.155662128290984,-0.04745487321881059,0.0005479839881707971,-0.5440329435457311,0.0007936513452334176,0.0020824701184319195,0.0060431146368200355,0.1708681592974268,-0.013199202614874894,0.32172636224753726,0.0776313507096701,0.010445347552714184,1.0,0.0,-0.02359002151707276,1.0,0.08333333333333333,-0.0001515786822292725,-0.21764832172630538
