task,window,seed,model,family,n_train,reference,ic_spearman,ic_pearson,rmse,wall_s
T-reg,0,0,LIN,classical,150,False,0.41971904954924366,0.4656414697697595,0.04493075344942632,0.0014507770538330078
T-reg,0,0,RBF,classical,150,False,0.37363646576380705,0.29755801551127115,0.04811089476541126,0.0055654048919677734
T-reg,0,0,QK,quantum,150,False,0.17831306696905483,0.14604938169502998,0.04972872555872026,0.025087833404541016
T-reg,0,0,VQC,quantum,150,False,0.273838969714113,0.23156387343809806,0.04927635220108513,0.8385608196258545
T-reg,0,0,LIN,classical,400,False,0.4076672386434693,0.4606495591652654,0.04495320353900011,0.0007326602935791016
T-reg,0,0,RBF,classical,400,False,0.3500313622143431,0.3251649939595304,0.047538359024180736,0.11928772926330566
T-reg,0,0,QK,quantum,400,False,0.22724731407664212,0.25215085882485905,0.04862710126133185,0.16165566444396973
T-reg,0,0,VQC,quantum,400,False,0.32105717532331823,0.33375903384298833,0.04736508544593198,0.8977282047271729
T-reg,0,0,LIN,classical,full,True,0.4196892495439391,0.4667464544738285,0.044803331374932996,0.0
T-reg,0,0,RBF,classical,full,True,0.4143130564154649,0.36130116139481117,0.04694425012930573,0.0
T-reg,0,1,LIN,classical,150,False,0.4056723879621865,0.4373261376180217,0.04526425122505504,0.0007472038269042969
T-reg,0,1,RBF,classical,150,False,0.3738936400873115,0.3216335480827845,0.04763414989919974,0.002031087875366211
T-reg,0,1,QK,quantum,150,False,0.24945623322100705,0.24501544214545343,0.04873684117582396,0.08583688735961914
T-reg,0,1,VQC,quantum,150,False,0.3283775619013181,0.3386507008577619,0.047423404693987994,0.9066298007965088
T-reg,0,1,LIN,classical,400,False,0.4280306681769409,0.48761320323605833,0.044175050775561824,0.0007336139678955078
T-reg,0,1,RBF,classical,400,False,0.41320409629262106,0.36633907629075996,0.04681850594933598,0.00873875617980957
T-reg,0,1,QK,quantum,400,False,0.29304553138089146,0.24983576324284235,0.0486574926801041,0.15408873558044434
T-reg,0,1,VQC,quantum,400,False,0.3327045615531885,0.3940879133966736,0.046317543655976796,0.8492581844329834
T-reg,0,1,LIN,classical,full,True,0.4196892495439391,0.4667464544738285,0.044803331374932996,0.0
T-reg,0,1,RBF,classical,full,True,0.40807108009466564,0.3651805760395717,0.046860387309508054,0.0
T-reg,0,2,LIN,classical,150,False,0.41529878948934645,0.4900720528072384,0.04417656733651754,0.0007531642913818359
T-reg,0,2,RBF,classical,150,False,0.365874911353316,0.345043808414199,0.04756997756062645,0.0020258426666259766
T-reg,0,2,QK,quantum,150,False,0.17572327154067555,0.15586608874164257,0.049669256027619006,0.11450076103210449
T-reg,0,2,VQC,quantum,150,False,0.08127555687197704,0.23083848035206836,0.04912173562067418,0.8451080322265625
T-reg,0,2,LIN,classical,400,False,0.42008886955915575,0.48264413042137067,0.04448565493606536,0.0007421970367431641
T-reg,0,2,RBF,classical,400,False,0.4140161394940192,0.3864538093558172,0.04677535560870725,0.011253595352172852
T-reg,0,2,QK,quantum,400,False,0.2512344575822753,0.2594438583245771,0.04856844351278873,0.1550765037536621
T-reg,0,2,VQC,quantum,400,False,0.4090808364719849,0.4302022488125104,0.04549563837704733,0.8417258262634277
T-reg,0,2,LIN,classical,full,True,0.4196892495439391,0.4667464544738285,0.044803331374932996,0.0
T-reg,0,2,RBF,classical,full,True,0.41301274304327484,0.3712686660564789,0.046726169349568886,0.0
T-reg,1,0,LIN,classical,150,False,0.1679537741651173,0.21898855022887823,0.034462791305231326,0.0007655620574951172
T-reg,1,0,RBF,classical,150,False,0.1880289518299439,0.21910208255383282,0.03271924025226204,0.0021622180938720703
T-reg,1,0,QK,quantum,150,False,0.12857691366094176,0.14177616183589548,0.03333836042631322,0.085662841796875
T-reg,1,0,VQC,quantum,150,False,0.21840726609113495,0.25352469268151395,0.03352015412514484,0.9059069156646729
T-reg,1,0,LIN,classical,400,False,0.17274038265928526,0.18483508542738109,0.03601193688300919,0.0007989406585693359
T-reg,1,0,RBF,classical,400,False,0.17009870800452306,0.23288856124744248,0.0327783372314841,0.11581277847290039
T-reg,1,0,QK,quantum,400,False,0.1592736408399491,0.15765996940402258,0.03365798824213115,0.1538076400756836
T-reg,1,0,VQC,quantum,400,False,0.052320227579835475,0.09169372593393446,0.037171011592894196,0.9120802879333496
T-reg,1,0,LIN,classical,full,True,0.16994254264587666,0.2148484910595989,0.03357867195592768,0.0
T-reg,1,0,RBF,classical,full,True,0.1570089515272225,0.21674015189412812,0.03315115765670347,0.0
T-reg,1,1,LIN,classical,150,False,0.1366102785578408,0.21457313607578213,0.03368576504380884,0.0007030963897705078
T-reg,1,1,RBF,classical,150,False,0.14263004626499426,0.18355112501787377,0.033054127682784394,0.006211757659912109
T-reg,1,1,QK,quantum,150,False,0.07769822315038269,0.11637511588529062,0.033464095395100764,0.12662220001220703
T-reg,1,1,VQC,quantum,150,False,0.08374990158083057,0.14852455084097255,0.033529202026576936,0.880699634552002
T-reg,1,1,LIN,classical,400,False,0.1759779185571132,0.196486895228735,0.035685431787760596,0.001363515853881836
T-reg,1,1,RBF,classical,400,False,0.22097337148733823,0.24176187054560627,0.03281739829207376,0.007214069366455078
T-reg,1,1,QK,quantum,400,False,0.2031115593609579,0.243028599205428,0.032688794574588155,0.15658283233642578
T-reg,1,1,VQC,quantum,400,False,0.23520297122438724,0.22640007022939043,0.03354285852442862,0.919973611831665
T-reg,1,1,LIN,classical,full,True,0.16994254264587666,0.2148484910595989,0.03357867195592768,0.0
T-reg,1,1,RBF,classical,full,True,0.15908128777681824,0.2052883497964185,0.03271311513064877,0.0
T-reg,1,2,LIN,classical,150,False,0.17735918907325732,0.2136659637610834,0.03426428861986065,0.0007913112640380859
T-reg,1,2,RBF,classical,150,False,0.30151284323294786,0.31376690305879157,0.03154185096111553,0.002227306365966797
T-reg,1,2,QK,quantum,150,False,0.12705694675477805,0.12613337921424378,0.03385333237047062,0.12635588645935059
T-reg,1,2,VQC,quantum,150,False,0.23852796305576973,0.2515230583504151,0.033296048578984404,0.8717138767242432
T-reg,1,2,LIN,classical,400,False,0.1976947904563886,0.23368850111309114,0.034109003789598386,0.0007510185241699219
T-reg,1,2,RBF,classical,400,False,0.24416010851312278,0.31811472925619727,0.03201976225539439,0.11595892906188965
T-reg,1,2,QK,quantum,400,False,0.234612970001004,0.2768300336431435,0.03244221023226836,0.17438149452209473
T-reg,1,2,VQC,quantum,400,False,0.2302571701576137,0.2548999637276555,0.034448471532280034,0.8529095649719238
T-reg,1,2,LIN,classical,full,True,0.16994254264587666,0.2148484910595989,0.03357867195592768,0.0
T-reg,1,2,RBF,classical,full,True,0.2561736487690279,0.3025574404313561,0.03165344543447858,0.0
T-reg,2,0,LIN,classical,150,False,0.09460971227442222,0.07356225108957172,0.03350654540081192,0.0008213520050048828
T-reg,2,0,RBF,classical,150,False,0.10799102556037828,0.08775540321640364,0.03385168275066212,0.0021512508392333984
T-reg,2,0,QK,quantum,150,False,0.1425925810206738,0.11376120306541619,0.03363241233072456,0.11411619186401367
T-reg,2,0,VQC,quantum,150,False,0.11417112451694761,0.06644024536504912,0.03715279585350132,0.823155403137207
T-reg,2,0,LIN,classical,400,False,0.22512126560872484,0.22038912007967637,0.03281888933617866,0.0007371902465820312
T-reg,2,0,RBF,classical,400,False,0.1848227434307027,0.1817046501737541,0.03280497429538867,0.12226009368896484
T-reg,2,0,QK,quantum,400,False,0.12481119835875013,0.14352938193233658,0.03286954727446224,0.15747523307800293
T-reg,2,0,VQC,quantum,400,False,0.12841805435959774,0.13371042135655925,0.03486497541661635,0.8305087089538574
T-reg,2,0,LIN,classical,full,True,0.22304115302969266,0.222808659645988,0.03234048297755595,0.0
T-reg,2,0,RBF,classical,full,True,0.23942224094095807,0.2499462615073091,0.03176740632311617,0.0
T-reg,2,1,LIN,classical,150,False,0.1796677035568792,0.17617311075364817,0.03271239590456091,0.0007107257843017578
T-reg,2,1,RBF,classical,150,False,0.17632746456528028,0.18073270584997744,0.03265558482584856,0.020376920700073242
T-reg,2,1,QK,quantum,150,False,0.03391468339021857,0.039287790884085606,0.03433197576247726,0.09638333320617676
T-reg,2,1,VQC,quantum,150,False,0.12775609431632248,0.09673255692332852,0.03519780465763589,0.9221031665802002
T-reg,2,1,LIN,classical,400,False,0.22885379264778605,0.23113039133272648,0.033725243286145935,0.0008058547973632812
T-reg,2,1,RBF,classical,400,False,0.26913392936121205,0.27282795340689964,0.03215312769661083,0.11992359161376953
T-reg,2,1,QK,quantum,400,False,0.25595588377220296,0.2678193440652361,0.032261390902170256,0.17046809196472168
T-reg,2,1,VQC,quantum,400,False,0.2587896615366499,0.25594694650211514,0.03385075256671852,1.0391840934753418
T-reg,2,1,LIN,classical,full,True,0.22304115302969266,0.222808659645988,0.03234048297755595,0.0
T-reg,2,1,RBF,classical,full,True,0.2545552835228883,0.25446485712990524,0.032162311907505854,0.0
T-reg,2,2,LIN,classical,150,False,0.14288730390631413,0.1518823109939761,0.03384868666943329,0.0008249282836914062
T-reg,2,2,RBF,classical,150,False,0.16372478403675092,0.11400324159127274,0.03353774184477606,0.002482891082763672
T-reg,2,2,QK,quantum,150,False,0.14827516152894302,0.13418990220760052,0.03279334741558198,0.10789942741394043
T-reg,2,2,VQC,quantum,150,False,0.033980587782192234,0.015478007219189899,0.03573851246131458,0.9338722229003906
T-reg,2,2,LIN,classical,400,False,0.22822282683183592,0.22547903964604454,0.033792422935216615,0.0007498264312744141
T-reg,2,2,RBF,classical,400,False,0.2527634783577114,0.22780495296528488,0.03330675523979491,0.04300379753112793
T-reg,2,2,QK,quantum,400,False,0.22916990043937652,0.19026484501695845,0.03316728883319194,0.07149171829223633
T-reg,2,2,VQC,quantum,400,False,0.25023239421657717,0.21530199243336154,0.03440350751326348,0.8604190349578857
T-reg,2,2,LIN,classical,full,True,0.22304115302969266,0.222808659645988,0.03234048297755595,0.0
T-reg,2,2,RBF,classical,full,True,0.20010570253512505,0.2172913442090687,0.03234894521722037,0.0
T-reg,3,0,LIN,classical,150,False,0.27118765796537064,0.2760996448989025,0.029673134930464955,0.0007886886596679688
T-reg,3,0,RBF,classical,150,False,0.18298180852705073,0.16872383204140715,0.030742871231698398,0.0041713714599609375
T-reg,3,0,QK,quantum,150,False,0.09836104136715648,0.1285282373700252,0.031279680299341014,0.08961319923400879
T-reg,3,0,VQC,quantum,150,False,0.2108458133006061,0.20121880175547988,0.030936809812008356,0.9160723686218262
T-reg,3,0,LIN,classical,400,False,0.2937230996282498,0.27747048382338363,0.029686832048230277,0.0008630752563476562
T-reg,3,0,RBF,classical,400,False,0.24960242821441173,0.29396057789656016,0.029732915806072863,0.014264345169067383
T-reg,3,0,QK,quantum,400,False,0.18690460568385808,0.19227117577962127,0.030632468860266607,0.15311479568481445
T-reg,3,0,VQC,quantum,400,False,0.26570459585235584,0.3084048863636527,0.029832829694827867,0.9312648773193359
T-reg,3,0,LIN,classical,full,True,0.3192322929854315,0.3062470869995905,0.029550092969993464,0.0
T-reg,3,0,RBF,classical,full,True,0.32123964133902283,0.35297373171131535,0.028939039813148684,0.0
T-reg,3,1,LIN,classical,150,False,0.17625311730134707,0.19781585223515247,0.030304861022296327,0.0007886886596679688
T-reg,3,1,RBF,classical,150,False,0.18287460627124863,0.26249495567589937,0.0297904188754807,0.002357959747314453
T-reg,3,1,QK,quantum,150,False,0.07522390621413429,0.13546553991206445,0.0309888381680272,0.0966801643371582
T-reg,3,1,VQC,quantum,150,False,0.19036193397868534,0.26142366081441415,0.0302074602310581,0.8852806091308594
T-reg,3,1,LIN,classical,400,False,0.27027802182954536,0.2640122501645229,0.030430861416832086,0.0007193088531494141
T-reg,3,1,RBF,classical,400,False,0.2516961215973525,0.29930593671690203,0.029745054471161363,0.11696696281433105
T-reg,3,1,QK,quantum,400,False,0.18320823857667623,0.1990136558207987,0.03172823109998054,0.1751265525817871
T-reg,3,1,VQC,quantum,400,False,0.21458247845783168,0.2766228001470153,0.030168793378034405,0.8484299182891846
T-reg,3,1,LIN,classical,full,True,0.3192322929854315,0.3062470869995905,0.029550092969993464,0.0
T-reg,3,1,RBF,classical,full,True,0.3025375690444322,0.30227686784536656,0.029455582415175645,0.0
T-reg,3,2,LIN,classical,150,False,0.28011046831416536,0.2554519096295741,0.031239443650925135,0.0007328987121582031
T-reg,3,2,RBF,classical,150,False,0.29958234167775144,0.31546913008673955,0.029726557459547345,0.0062372684478759766
T-reg,3,2,QK,quantum,150,False,0.2011904449462954,0.1785154464521182,0.03137538059323247,0.12615203857421875
T-reg,3,2,VQC,quantum,150,False,0.29995296709321223,0.31946103789509206,0.029795882813178826,0.8408100605010986
T-reg,3,2,LIN,classical,400,False,0.3235839547106573,0.3030703475849886,0.029952598480248453,0.0006883144378662109
T-reg,3,2,RBF,classical,400,False,0.28487269246102914,0.30485175252478247,0.030044988215920842,0.04995393753051758
T-reg,3,2,QK,quantum,400,False,0.2876814471082539,0.3001200772565807,0.03007464760791536,0.14631152153015137
T-reg,3,2,VQC,quantum,400,False,0.3126320778310595,0.3235349853279474,0.030210095541691833,0.8452415466308594
T-reg,3,2,LIN,classical,full,True,0.3192322929854315,0.3062470869995905,0.029550092969993464,0.0
T-reg,3,2,RBF,classical,full,True,0.2952127943948218,0.3179800491285671,0.029323288467252736,0.0
T-reg,4,0,LIN,classical,150,False,0.26525742913715655,0.2541903637219332,0.030599834251243827,0.0007152557373046875
T-reg,4,0,RBF,classical,150,False,0.2705037853366477,0.26090377991565006,0.02995549192703366,0.0032057762145996094
T-reg,4,0,QK,quantum,150,False,0.2660920514665255,0.22971942755006766,0.02998634246136744,0.11078858375549316
T-reg,4,0,VQC,quantum,150,False,0.23318995725934932,0.21995201198307862,0.03191959264908929,0.841855525970459
T-reg,4,0,LIN,classical,400,False,0.2833707499755948,0.23794531353037032,0.03044193862408698,0.0007131099700927734
T-reg,4,0,RBF,classical,400,False,0.29204813381285516,0.2575411368673465,0.029765181363817266,0.009283065795898438
T-reg,4,0,QK,quantum,400,False,0.20061352461992843,0.16928972572898085,0.030645203709133942,0.13454270362854004
T-reg,4,0,VQC,quantum,400,False,0.2311724719048855,0.2326452429687641,0.030475938434104757,0.851801872253418
T-reg,4,0,LIN,classical,full,True,0.28614664963095066,0.23891299186951528,0.030248967264755646,0.0
T-reg,4,0,RBF,classical,full,True,0.294422191644584,0.28240141877510627,0.02958625919279242,0.0
T-reg,4,1,LIN,classical,150,False,0.2767310144041228,0.21699357056558893,0.030281908784139052,0.0009496212005615234
T-reg,4,1,RBF,classical,150,False,0.2504771819581936,0.22421300288433904,0.029950701092975346,0.0020515918731689453
T-reg,4,1,QK,quantum,150,False,0.2018001369467159,0.17967805556417124,0.030501564396040595,0.10222911834716797
T-reg,4,1,VQC,quantum,150,False,0.18874662371911013,0.19472520286035505,0.03141179269867845,0.8710060119628906
T-reg,4,1,LIN,classical,400,False,0.2803650875579979,0.23361963644308045,0.030859858268548906,0.0007007122039794922
T-reg,4,1,RBF,classical,400,False,0.2696917976804598,0.19909975841465208,0.030441727850967475,0.12315940856933594
T-reg,4,1,QK,quantum,400,False,0.2590922996147523,0.23173457491154995,0.030081317979229156,0.15076041221618652
T-reg,4,1,VQC,quantum,400,False,0.2969527203336157,0.23559971690185805,0.030114585399210903,0.9007773399353027
T-reg,4,1,LIN,classical,full,True,0.28614664963095066,0.23891299186951528,0.030248967264755646,0.0
T-reg,4,1,RBF,classical,full,True,0.22704335206456686,0.1983280892522522,0.030505714392653767,0.0
T-reg,4,2,LIN,classical,150,False,0.2684138968006098,0.22926764803719402,0.031877849934732146,0.0007784366607666016
T-reg,4,2,RBF,classical,150,False,0.21922777993709783,0.18885743760709897,0.030940301306448374,0.013212203979492188
T-reg,4,2,QK,quantum,150,False,0.13979921239669113,0.12283793227183037,0.03163142248429353,0.04661130905151367
T-reg,4,2,VQC,quantum,150,False,0.21258826654646684,0.15368555198645353,0.031962663575125144,0.9044075012207031
T-reg,4,2,LIN,classical,400,False,0.281424168082028,0.251073057267955,0.0296412905007257,0.0007991790771484375
T-reg,4,2,RBF,classical,400,False,0.2109024416424663,0.215840091711785,0.030032432710120224,0.11919403076171875
T-reg,4,2,QK,quantum,400,False,0.11235190779050735,0.10671237070548624,0.03143748926295818,0.17196297645568848
T-reg,4,2,VQC,quantum,400,False,0.30351002681306166,0.3026661138149557,0.02917582425667996,0.8405544757843018
T-reg,4,2,LIN,classical,full,True,0.28614664963095066,0.23891299186951528,0.030248967264755646,0.0
T-reg,4,2,RBF,classical,full,True,0.2794918057622879,0.27865223758251206,0.030056118061812753,0.0
T-reg,5,0,LIN,classical,150,False,0.23177224908527455,0.18287945740378725,0.041660614631363835,0.0007829666137695312
T-reg,5,0,RBF,classical,150,False,0.29458313389131274,0.26268074202194763,0.03943501155814301,0.008318185806274414
T-reg,5,0,QK,quantum,150,False,0.15610062070383837,0.12008587824045204,0.04067019110978126,0.13626909255981445
T-reg,5,0,VQC,quantum,150,False,0.2133707319234015,0.21718451425487625,0.04043326916424175,0.8625304698944092
T-reg,5,0,LIN,classical,400,False,0.24501072786304665,0.21194545007391788,0.041434429479735836,0.0007605552673339844
T-reg,5,0,RBF,classical,400,False,0.3213682840459854,0.28210244620695896,0.039597862504996965,0.13054442405700684
T-reg,5,0,QK,quantum,400,False,0.23002743516797772,0.20223378449401003,0.04038159553242297,0.14777565002441406
T-reg,5,0,VQC,quantum,400,False,0.3089070216227783,0.29081079888249534,0.03972015380763296,0.8785009384155273
T-reg,5,0,LIN,classical,full,True,0.24737334338146186,0.22843212899910093,0.040106060844600354,0.0
T-reg,5,0,RBF,classical,full,True,0.30018303535410973,0.26753880571734084,0.03980228393086726,0.0
T-reg,5,1,LIN,classical,150,False,0.2178553688819902,0.20790318425250992,0.04019063994357874,0.0007772445678710938
T-reg,5,1,RBF,classical,150,False,0.23033759962207037,0.18678295481041152,0.04078700161850959,0.0021114349365234375
T-reg,5,1,QK,quantum,150,False,0.15693060500815056,0.1572120117266779,0.04034084838255741,0.12677240371704102
T-reg,5,1,VQC,quantum,150,False,0.21145808815330364,0.2071487304320804,0.04035004212784311,0.8933539390563965
T-reg,5,1,LIN,classical,400,False,0.2571606871553506,0.2581871852664641,0.03994499769597036,0.0007607936859130859
T-reg,5,1,RBF,classical,400,False,0.3140480641036163,0.28309549273555185,0.039306827194316496,0.11620187759399414
T-reg,5,1,QK,quantum,400,False,0.25625199528809983,0.23344476035169814,0.0397725228217737,0.15450263023376465
T-reg,5,1,VQC,quantum,400,False,0.21944529498047655,0.16109548894747525,0.04190568149727086,0.8601641654968262
T-reg,5,1,LIN,classical,full,True,0.24737334338146186,0.22843212899910093,0.040106060844600354,0.0
T-reg,5,1,RBF,classical,full,True,0.2801264931073254,0.23267936584963828,0.04025319333132444,0.0
T-reg,5,2,LIN,classical,150,False,0.2567405154123378,0.23546423417358778,0.03957544658866475,0.0007452964782714844
T-reg,5,2,RBF,classical,150,False,0.2976609217644325,0.24248301796391153,0.039485229804667205,0.03303384780883789
T-reg,5,2,QK,quantum,150,False,0.24570515408171895,0.2191833906686253,0.03967508787787204,0.06279301643371582
T-reg,5,2,VQC,quantum,150,False,0.21408698740970608,0.14463219917427528,0.041412741107056256,0.9283442497253418
T-reg,5,2,LIN,classical,400,False,0.2226108998310176,0.164689774947276,0.041011714426191975,0.0007522106170654297
T-reg,5,2,RBF,classical,400,False,0.25510023758075057,0.21025047856256282,0.040049412928123244,0.12262558937072754
T-reg,5,2,QK,quantum,400,False,0.2346687651647103,0.19891698933271193,0.04000594941566681,0.17430758476257324
T-reg,5,2,VQC,quantum,400,False,0.23061299277454017,0.1577126066586377,0.0409417428530821,0.8894424438476562
T-reg,5,2,LIN,classical,full,True,0.24737334338146186,0.22843212899910093,0.040106060844600354,0.0
T-reg,5,2,RBF,classical,full,True,0.26778762455492666,0.23627354922832897,0.04019071165270414,0.0
T-reg,6,0,LIN,classical,150,False,0.26082425481587385,0.2934715245732324,0.03059195467631882,0.004911184310913086
T-reg,6,0,RBF,classical,150,False,0.2445176530315673,0.2799836611314701,0.030127908413696322,0.04090619087219238
T-reg,6,0,QK,quantum,150,False,0.15014370240209426,0.15899165847158708,0.031249014914022478,0.12581586837768555
T-reg,6,0,VQC,quantum,150,False,0.16866861324856022,0.22759117544608637,0.032312578973713535,0.9208681583404541
T-reg,6,0,LIN,classical,400,False,0.26884673285156196,0.25164317289601934,0.030242707041348064,0.0007300376892089844
T-reg,6,0,RBF,classical,400,False,0.291691533562985,0.2644528141064676,0.029665035247639658,0.11913132667541504
T-reg,6,0,QK,quantum,400,False,0.16235278957072025,0.13977276620484128,0.03091775834895788,0.16887259483337402
T-reg,6,0,VQC,quantum,400,False,0.24380453584964246,0.17926310325528208,0.03110276848795391,0.8969945907592773
T-reg,6,0,LIN,classical,full,True,0.27976942072316807,0.2855404564500649,0.029541945919682858,0.0
T-reg,6,0,RBF,classical,full,True,0.28780800686983166,0.26426834282871475,0.029576880898857887,0.0
T-reg,6,1,LIN,classical,150,False,0.11104631762334265,0.04828497088698043,0.03218080936854373,0.000850677490234375
T-reg,6,1,RBF,classical,150,False,0.1104312932827372,0.04762166166300056,0.03183234740208033,0.002115964889526367
T-reg,6,1,QK,quantum,150,False,0.0037061430641876286,-0.007341989901299089,0.03209402330789919,0.12625765800476074
T-reg,6,1,VQC,quantum,150,False,-0.036533556736169,-0.10947294383903929,0.03350181653617751,0.874981164932251
T-reg,6,1,LIN,classical,400,False,0.28098988785560913,0.29437641295616906,0.029486338248870755,0.0007586479187011719
T-reg,6,1,RBF,classical,400,False,0.20333665632553716,0.21205196247606664,0.030405338890847695,0.11606144905090332
T-reg,6,1,QK,quantum,400,False,0.08538343066937117,0.1086783725786174,0.03172132414239663,0.1678769588470459
T-reg,6,1,VQC,quantum,400,False,0.21809529641770886,0.23676134645990068,0.030252257131185654,0.8459415435791016
T-reg,6,1,LIN,classical,full,True,0.27976942072316807,0.2855404564500649,0.029541945919682858,0.0
T-reg,6,1,RBF,classical,full,True,0.26983279919670516,0.25500146500630133,0.029667314573450648,0.0
T-reg,6,2,LIN,classical,150,False,0.2606618406210732,0.2926479009788609,0.02937608413573861,0.0007584095001220703
T-reg,6,2,RBF,classical,150,False,0.24997608084383174,0.22742477511229606,0.029959337518261756,0.002151012420654297
T-reg,6,2,QK,quantum,150,False,0.15406744382747603,0.14472801927012965,0.03106653344607597,0.0704646110534668
T-reg,6,2,VQC,quantum,150,False,0.17151291683035144,0.1576898509384184,0.031132891618334425,0.8429849147796631
T-reg,6,2,LIN,classical,400,False,0.2808283623841726,0.2828323167813627,0.030152868655874108,0.0007760524749755859
T-reg,6,2,RBF,classical,400,False,0.297978307095859,0.26459312322865697,0.029606727031050495,0.011206388473510742
T-reg,6,2,QK,quantum,400,False,0.14838269705600665,0.14046068454766364,0.031071304858386863,0.1514568328857422
T-reg,6,2,VQC,quantum,400,False,0.2017039881877556,0.18885170691181077,0.03054672915922383,0.8573577404022217
T-reg,6,2,LIN,classical,full,True,0.27976942072316807,0.2855404564500649,0.029541945919682858,0.0
T-reg,6,2,RBF,classical,full,True,0.25012155374950307,0.25747233988029833,0.029549419964384177,0.0
T-reg,7,0,LIN,classical,150,False,0.42250253112580005,0.4340472529509604,0.03132100040523084,0.0008029937744140625
T-reg,7,0,RBF,classical,150,False,0.3809176374233632,0.376179562019428,0.03219762504708812,0.06043291091918945
T-reg,7,0,QK,quantum,150,False,0.2900677804314502,0.2792059048801028,0.03331735747300746,0.024960756301879883
T-reg,7,0,VQC,quantum,150,False,0.3048033137161537,0.20635078107943305,0.03471890807504711,0.9045226573944092
T-reg,7,0,LIN,classical,400,False,0.4289316670325708,0.45222226499099133,0.030921601463280445,0.0007386207580566406
T-reg,7,0,RBF,classical,400,False,0.45186561780646134,0.43130991949256126,0.031316642349580835,0.009668588638305664
T-reg,7,0,QK,quantum,400,False,0.3429193257200291,0.3231558702311918,0.03289891826586122,0.1526165008544922
T-reg,7,0,VQC,quantum,400,False,0.4578520861600638,0.4307502818168706,0.03131262515862965,0.858588695526123
T-reg,7,0,LIN,classical,full,True,0.42912835262210186,0.4488474017167891,0.03101409323096181,0.0
T-reg,7,0,RBF,classical,full,True,0.4104928234894029,0.40603098261652104,0.03190690321280738,0.0
T-reg,7,1,LIN,classical,150,False,0.36045617059378243,0.3954632989139643,0.03179798556440484,0.0007560253143310547
T-reg,7,1,RBF,classical,150,False,0.22746835624087236,0.20402117278531315,0.03425801502218337,0.002157449722290039
T-reg,7,1,QK,quantum,150,False,0.17110971414907306,0.11897708442910342,0.03526147897931158,0.1266307830810547
T-reg,7,1,VQC,quantum,150,False,0.049699021335054126,0.029930196681420357,0.03824443888793355,0.8740427494049072
T-reg,7,1,LIN,classical,400,False,0.4065660548500619,0.4362713236225381,0.031218763521479287,0.0007722377777099609
T-reg,7,1,RBF,classical,400,False,0.3616243141381585,0.360011380960311,0.032303444739846095,0.13619303703308105
T-reg,7,1,QK,quantum,400,False,0.28581340614199496,0.28580697293263885,0.03329013911430418,0.15624713897705078
T-reg,7,1,VQC,quantum,400,False,0.33674880831222964,0.3123721957941627,0.03305994028241113,0.9128124713897705
T-reg,7,1,LIN,classical,full,True,0.42912835262210186,0.4488474017167891,0.03101409323096181,0.0
T-reg,7,1,RBF,classical,full,True,0.3527759621437174,0.36748247770623793,0.03221543250491838,0.0
T-reg,7,2,LIN,classical,150,False,0.4140488556228624,0.4305303591999214,0.03130176708217366,0.00075531005859375
T-reg,7,2,RBF,classical,150,False,0.35010012718464517,0.3535592895740032,0.03242142638945734,0.005396842956542969
T-reg,7,2,QK,quantum,150,False,0.23229776231954577,0.20263931061461435,0.03445384821059363,0.11446762084960938
T-reg,7,2,VQC,quantum,150,False,0.3517049671720865,0.39362607226589574,0.03196347152058315,0.8963546752929688
T-reg,7,2,LIN,classical,400,False,0.42770328470766766,0.4427216354329066,0.031062885057919393,0.0007503032684326172
T-reg,7,2,RBF,classical,400,False,0.4335247004689821,0.4171302262467573,0.03147822072787168,0.0632634162902832
T-reg,7,2,QK,quantum,400,False,0.27807218127845906,0.28105127352648357,0.033455488311253535,0.15547561645507812
T-reg,7,2,VQC,quantum,400,False,0.41413067371757567,0.39651244919648365,0.03231790984585061,0.8878934383392334
T-reg,7,2,LIN,classical,full,True,0.42912835262210186,0.4488474017167891,0.03101409323096181,0.0
T-reg,7,2,RBF,classical,full,True,0.385775732603136,0.3983502613495109,0.03177263936729933,0.0
