task,window,seed,model,family,n_train,cost_bps,mean_active,sharpe,maxdd,hit
T-book,0,0,LIN,classical,400,0.0,0.009359804444903324,13.523559369731512,-0.03161347735339348,0.8095238095238095
T-book,0,0,LIN,classical,400,5.0,0.009148164233263116,13.199341158586167,-0.03236347735339351,0.7936507936507936
T-book,0,0,RBF,classical,400,0.0,-0.00017345976708273752,-0.2360805785762113,-0.15949584492779434,0.6031746031746031
T-book,0,0,RBF,classical,400,5.0,-0.00044197828560125563,-0.6015685913876735,-0.16232917826112767,0.5873015873015873
T-book,0,0,QK,quantum,400,0.0,-0.004229467803938728,-6.3387044700680075,-0.2807619571052504,0.4126984126984127
T-book,0,0,QK,quantum,400,5.0,-0.004495340819811744,-6.742620205037016,-0.29467862377191706,0.3968253968253968
T-book,0,0,VQC,quantum,400,0.0,0.005910062541688909,8.733768697525989,-0.03493677169007442,0.746031746031746
T-book,0,0,VQC,quantum,400,5.0,0.005646835028461395,8.34636245701473,-0.035520105023407744,0.7301587301587301
T-book,0,1,LIN,classical,400,0.0,0.00897386994298807,13.501007244362636,-0.04659157567918698,0.8253968253968254
T-book,0,1,LIN,classical,400,5.0,0.00889318211230024,13.377450994500535,-0.04675824234585363,0.8095238095238095
T-book,0,1,RBF,classical,400,0.0,0.0011411268513005623,1.5009415028603597,-0.19984936324471425,0.6349206349206349
T-book,0,1,RBF,classical,400,5.0,0.0009069998671735779,1.1913622249245963,-0.2028493632447143,0.6349206349206349
T-book,0,1,QK,quantum,400,0.0,-0.0006634637969629103,-0.9019697564732383,-0.20463907572081633,0.5873015873015873
T-book,0,1,QK,quantum,400,5.0,-0.0008896542731533862,-1.208581425858112,-0.2078890757208163,0.5873015873015873
T-book,0,1,VQC,quantum,400,0.0,0.004730610229693864,6.123961556730913,-0.11131122009704364,0.7142857142857143
T-book,0,1,VQC,quantum,400,5.0,0.00451632451540815,5.8569707877533395,-0.11189455343037699,0.6984126984126984
T-book,0,2,LIN,classical,400,0.0,0.008552705104305494,12.332001261628635,-0.03610705692328303,0.8095238095238095
T-book,0,2,LIN,classical,400,5.0,0.008302705104305495,11.963103490119444,-0.036857056923283005,0.7777777777777778
T-book,0,2,RBF,classical,400,0.0,-0.0018441735630856852,-2.8209977275803357,-0.16629805976862433,0.5238095238095238
T-book,0,2,RBF,classical,400,5.0,-0.0021219513408634633,-3.2434103865837036,-0.169214726435291,0.5079365079365079
T-book,0,2,QK,quantum,400,0.0,-0.004414146584611589,-6.328753111693025,-0.283712501166611,0.3492063492063492
T-book,0,2,QK,quantum,400,5.0,-0.004703829124294129,-6.7654446726177,-0.3007958344999444,0.31746031746031744
T-book,0,2,VQC,quantum,400,0.0,0.004465976216484397,7.026151541411259,-0.0432395588677046,0.6825396825396826
T-book,0,2,VQC,quantum,400,5.0,0.004217298967807147,6.632446664895382,-0.04832289220103792,0.6825396825396826
T-book,1,0,LIN,classical,400,0.0,0.0032528143284725284,7.064084478887611,-0.04441048059893267,0.6666666666666666
T-book,1,0,LIN,classical,400,5.0,0.003094084169742368,6.744634010131349,-0.045327147265599346,0.6666666666666666
T-book,1,0,RBF,classical,400,0.0,-2.7120073036611638e-05,-0.060870531845300294,-0.09778753010297307,0.42857142857142855
T-book,1,0,RBF,classical,400,5.0,-0.0003101888561053945,-0.6987288696512902,-0.10520419676963973,0.3968253968253968
T-book,1,0,QK,quantum,400,0.0,-0.0020876332244984,-5.5328837119366066,-0.1429587966953486,0.3492063492063492
T-book,1,0,QK,quantum,400,5.0,-0.002382606769471945,-6.339000758685767,-0.15587546336201527,0.31746031746031744
T-book,1,0,VQC,quantum,400,0.0,0.0020870099726706948,4.1328639281540855,-0.06609958788212264,0.5555555555555556
T-book,1,0,VQC,quantum,400,5.0,0.0018330417187024405,3.641168154908821,-0.06784958788212264,0.5555555555555556
T-book,1,1,LIN,classical,400,0.0,0.0029079531511293174,5.220623742576069,-0.1183986980066522,0.5396825396825397
T-book,1,1,LIN,classical,400,5.0,0.0026526621458383116,4.763109516676115,-0.12473203133998557,0.5238095238095238
T-book,1,1,RBF,classical,400,0.0,0.0004765792403891404,1.0975101536864618,-0.10675110942940913,0.49206349206349204
T-book,1,1,RBF,classical,400,5.0,0.00017896019277009265,0.41157590911420194,-0.11521175493406044,0.47619047619047616
T-book,1,1,QK,quantum,400,0.0,-0.0024214687417694935,-5.908608263991648,-0.1371990677019497,0.36507936507936506
T-book,1,1,QK,quantum,400,5.0,-0.00270850577880653,-6.618651882483711,-0.1541631660726487,0.36507936507936506
T-book,1,1,VQC,quantum,400,0.0,0.0033024156706342425,7.230829880670491,-0.06764924190976554,0.7142857142857143
T-book,1,1,VQC,quantum,400,5.0,0.0030709341891527607,6.748558674279451,-0.06948257524309887,0.7142857142857143
T-book,1,2,LIN,classical,400,0.0,0.0035689442207379744,8.25585334147399,-0.022448582479906803,0.6190476190476191
T-book,1,2,LIN,classical,400,5.0,0.003297780199573953,7.642513512336423,-0.025781915813240158,0.6190476190476191
T-book,1,2,RBF,classical,400,0.0,-0.003334215206032201,-9.962211089014321,-0.1927287324515079,0.2857142857142857
T-book,1,2,RBF,classical,400,5.0,-0.003654321026138021,-10.929377474914054,-0.21179089161570508,0.25396825396825395
T-book,1,2,QK,quantum,400,0.0,-0.004618889523179016,-14.050342967079159,-0.28294166205212706,0.14285714285714285
T-book,1,2,QK,quantum,400,5.0,-0.004907249311538806,-14.942470852277216,-0.30060832871879384,0.14285714285714285
T-book,1,2,VQC,quantum,400,0.0,0.0015678256156706244,4.300215136631773,-0.037410673239574366,0.6666666666666666
T-book,1,2,VQC,quantum,400,5.0,0.0012490425468875555,3.4303780421582637,-0.04112231225283327,0.6190476190476191
T-book,2,0,LIN,classical,400,0.0,0.0039971785055527165,9.543019569785427,-0.03858388912155633,0.7142857142857143
T-book,2,0,LIN,classical,400,5.0,0.003711464219838431,8.864010302940324,-0.041250555788222926,0.7142857142857143
T-book,2,0,RBF,classical,400,0.0,0.00212783761418135,6.105897904670183,-0.03696931816331718,0.6984126984126984
T-book,2,0,RBF,classical,400,5.0,0.0017945042808480162,5.12867903384806,-0.04021931816331718,0.6984126984126984
T-book,2,0,QK,quantum,400,0.0,0.00038469570667915844,1.2063992358500615,-0.05178950025049434,0.5238095238095238
T-book,2,0,QK,quantum,400,5.0,7.649464847810008e-05,0.23894278989871506,-0.05537283358382767,0.5079365079365079
T-book,2,0,VQC,quantum,400,0.0,0.0013363786081824318,3.5580106726652208,-0.032617178122157864,0.5396825396825397
T-book,2,0,VQC,quantum,400,5.0,0.0010109817827856067,2.6849116527485384,-0.03629261209801156,0.5079365079365079
T-book,2,1,LIN,classical,400,0.0,0.003824150644526547,7.965802168066819,-0.05686629656373349,0.6825396825396826
T-book,2,1,LIN,classical,400,5.0,0.00361780143817734,7.532361357025536,-0.05894962989706684,0.6666666666666666
T-book,2,1,RBF,classical,400,0.0,0.001712086660598645,4.59692316763192,-0.06852786014468827,0.5873015873015873
T-book,2,1,RBF,classical,400,5.0,0.0014065311050430892,3.770850525771295,-0.07277786014468825,0.5873015873015873
T-book,2,1,QK,quantum,400,0.0,5.072681483772549e-05,0.13718621776352427,-0.05759212471090309,0.4444444444444444
T-book,2,1,QK,quantum,400,5.0,-0.00027202450791359724,-0.7358539280807541,-0.06325879137756975,0.3968253968253968
T-book,2,1,VQC,quantum,400,0.0,0.0018951395225833864,4.986933788290801,-0.05189705790027019,0.6190476190476191
T-book,2,1,VQC,quantum,400,5.0,0.0016292665067103708,4.278016504293762,-0.0582934558053149,0.5714285714285714
T-book,2,2,LIN,classical,400,0.0,0.003783016943913583,7.86457044838297,-0.039731131740841086,0.6507936507936508
T-book,2,2,LIN,classical,400,5.0,0.0035435989544955943,7.349356783488037,-0.04123113174084106,0.6507936507936508
T-book,2,2,RBF,classical,400,0.0,0.0029034064120466944,7.163037671636346,-0.04269445509056455,0.6507936507936508
T-book,2,2,RBF,classical,400,5.0,0.0025806550892953704,6.346598666767991,-0.04719445509056441,0.6507936507936508
T-book,2,2,QK,quantum,400,0.0,0.00030662843278254464,0.8399033911484681,-0.06696618517058907,0.5555555555555556
T-book,2,2,QK,quantum,400,5.0,-9.509133355021594e-06,-0.02608501974655526,-0.06921618517058907,0.5555555555555556
T-book,2,2,VQC,quantum,400,0.0,0.004801778179635614,11.710598363395626,-0.018548760948674192,0.746031746031746
T-book,2,2,VQC,quantum,400,5.0,0.004559714687572122,11.10609253279871,-0.018965427615340855,0.746031746031746
T-book,3,0,LIN,classical,400,0.0,0.0018293905113317675,4.7900159362628605,-0.04978966576374858,0.6349206349206349
T-book,3,0,LIN,classical,400,5.0,0.0016984381303793866,4.4609320975456175,-0.05078966576374859,0.6349206349206349
T-book,3,0,RBF,classical,400,0.0,0.0028665013940169393,6.933208058706389,-0.040446208285402685,0.6507936507936508
T-book,3,0,RBF,classical,400,5.0,0.0026178241453396916,6.324785107257458,-0.04211287495206931,0.6349206349206349
T-book,3,0,QK,quantum,400,0.0,0.0006026509208958878,1.6359869404997045,-0.058718206974296874,0.5238095238095238
T-book,3,0,QK,quantum,400,5.0,0.00033545515370012047,0.9109792123816187,-0.06088487364096353,0.5079365079365079
T-book,3,0,VQC,quantum,400,0.0,0.003783788382409177,8.996734491306652,-0.03090529586503904,0.6666666666666666
T-book,3,0,VQC,quantum,400,5.0,0.0035483386469594407,8.437635455631536,-0.03290529586503906,0.6666666666666666
T-book,3,1,LIN,classical,400,0.0,0.005385687006223627,13.316050224970683,-0.022195259495468384,0.7619047619047619
T-book,3,1,LIN,classical,400,5.0,0.005143623514160137,12.702197162686716,-0.024695259495468386,0.7619047619047619
T-book,3,1,RBF,classical,400,0.0,0.004481828559232842,10.865328631222782,-0.028832333480197966,0.6666666666666666
T-book,3,1,RBF,classical,400,5.0,0.004304579881984166,10.403002463390704,-0.03074900014686463,0.6666666666666666
T-book,3,1,QK,quantum,400,0.0,0.001859102819206289,5.102549015114487,-0.06687828322423349,0.6031746031746031
T-book,3,1,QK,quantum,400,5.0,0.001621007581111051,4.420900718941665,-0.0724616165575668,0.5714285714285714
T-book,3,1,VQC,quantum,400,0.0,0.005605630844160787,12.645906388912007,-0.02443734278082489,0.7619047619047619
T-book,3,1,VQC,quantum,400,5.0,0.005452191690721633,12.28081402806724,-0.026187342780824865,0.746031746031746
T-book,3,2,LIN,classical,400,0.0,0.0038711153576493455,10.565816896023899,-0.03024782981519407,0.7301587301587301
T-book,3,2,LIN,classical,400,5.0,0.003634342870876858,9.928680497095922,-0.030997829815194083,0.6825396825396826
T-book,3,2,RBF,classical,400,0.0,0.0024573713572212624,6.478136093060211,-0.0312828831532842,0.6825396825396826
T-book,3,2,RBF,classical,400,5.0,0.002155784055633961,5.681397078067758,-0.03244954981995091,0.6666666666666666
T-book,3,2,QK,quantum,400,0.0,-0.0006342366354505886,-1.6439038381244442,-0.09135721263990285,0.49206349206349204
T-book,3,2,QK,quantum,400,5.0,-0.0008895276407415937,-2.3040664428750337,-0.09994054597323619,0.47619047619047616
T-book,3,2,VQC,quantum,400,0.0,2.638024297606095e-05,0.05548745028449633,-0.09263645078362095,0.6190476190476191
T-book,3,2,VQC,quantum,400,5.0,-0.0002170060004101826,-0.45736530339865994,-0.09739990807261417,0.6190476190476191
T-book,4,0,LIN,classical,400,0.0,0.004016256052975007,10.739876510404326,-0.01675235980821313,0.7936507936507936
T-book,4,0,LIN,classical,400,5.0,0.0037239280106469656,9.921923558661327,-0.01850235980821313,0.7619047619047619
T-book,4,0,RBF,classical,400,0.0,0.001756975524791622,5.425595084826886,-0.02308683078156337,0.6031746031746031
T-book,4,0,RBF,classical,400,5.0,0.0014633247311408284,4.528097344957144,-0.024364732745673814,0.6031746031746031
T-book,4,0,QK,quantum,400,0.0,-0.00027903533553861367,-0.7786346541099377,-0.07943771835147964,0.5079365079365079
T-book,4,0,QK,quantum,400,5.0,-0.0005330035895068677,-1.489537954450459,-0.08566545484815907,0.47619047619047616
T-book,4,0,VQC,quantum,400,0.0,0.002799723907556052,7.903962482635295,-0.020237650858666398,0.5873015873015873
T-book,4,0,VQC,quantum,400,5.0,0.002566919674751818,7.24654776747571,-0.021730608399219642,0.5714285714285714
T-book,4,1,LIN,classical,400,0.0,0.003406616485176049,9.738530813690392,-0.013776149898949347,0.7301587301587301
T-book,4,1,LIN,classical,400,5.0,0.0030812196597792235,8.78638873346474,-0.014952979412875794,0.7142857142857143
T-book,4,1,RBF,classical,400,0.0,0.001970801297419021,5.707099856601371,-0.02495407098483952,0.6190476190476191
T-book,4,1,RBF,classical,400,5.0,0.0016665684931862171,4.825731649880137,-0.025704070984839518,0.5873015873015873
T-book,4,1,QK,quantum,400,0.0,-0.0011750942980453454,-3.328676361701628,-0.10857876064218694,0.4444444444444444
T-book,4,1,QK,quantum,400,5.0,-0.0014899091128601607,-4.228554657792168,-0.12732876064218696,0.4126984126984127
T-book,4,1,VQC,quantum,400,0.0,0.0020256076429445444,5.601885093849659,-0.02220008904874186,0.5555555555555556
T-book,4,1,VQC,quantum,400,5.0,0.0017121155794524807,4.725398758520466,-0.02345008904874186,0.5079365079365079
T-book,4,2,LIN,classical,400,0.0,0.0042189968485759205,10.55406365884179,-0.032272177901355004,0.7777777777777778
T-book,4,2,LIN,classical,400,5.0,0.003995451875030946,9.973651569868107,-0.034522177901355006,0.7777777777777778
T-book,4,2,RBF,classical,400,0.0,0.0012095889288206909,3.457153969554519,-0.03971487174266239,0.5555555555555556
T-book,4,2,RBF,classical,400,5.0,0.0008974196166513786,2.5612028816713117,-0.0463917012565888,0.5238095238095238
T-book,4,2,QK,quantum,400,0.0,0.0004889112874577104,1.4896495270977106,-0.08410334578875407,0.5714285714285714
T-book,4,2,QK,quantum,400,5.0,0.00019129223983866292,0.5842128758834753,-0.09002001245542071,0.49206349206349204
T-book,4,2,VQC,quantum,400,0.0,0.0022545848504530812,5.950171231349955,-0.03343332070183652,0.6031746031746031
T-book,4,2,VQC,quantum,400,5.0,0.001984743580611812,5.2362760019169245,-0.03526665403516986,0.6031746031746031
T-book,5,0,LIN,classical,400,0.0,0.0011820702746398522,1.747732741024065,-0.22365278637389657,0.5714285714285714
T-book,5,0,LIN,classical,400,5.0,0.0011185782111477881,1.6530117243957507,-0.22473611970722993,0.5714285714285714
T-book,5,0,RBF,classical,400,0.0,-0.0014701776069241587,-2.5129898984886694,-0.14200773111463183,0.4444444444444444
T-book,5,0,RBF,classical,400,5.0,-0.0017929289296754814,-3.0685404184507976,-0.1485077311146318,0.4126984126984127
T-book,5,0,QK,quantum,400,0.0,-0.003059002281550042,-5.797879038712876,-0.19868381386468958,0.38095238095238093
T-book,5,0,QK,quantum,400,5.0,-0.00334736206990983,-6.355795347866878,-0.21576714719802287,0.36507936507936506
T-book,5,0,VQC,quantum,400,0.0,-0.0008313349720339875,-1.578737974735177,-0.1428580902326126,0.49206349206349204
T-book,5,0,VQC,quantum,400,5.0,-0.0010773667180657336,-2.045022147152218,-0.14827475689927927,0.47619047619047616
T-book,5,1,LIN,classical,400,0.0,0.0026816012513104824,3.628082676838727,-0.1377456402337936,0.5873015873015873
T-book,5,1,LIN,classical,400,5.0,0.002569167388876621,3.480124072619173,-0.13907897356712695,0.5873015873015873
T-book,5,1,RBF,classical,400,0.0,-0.00010598306327977639,-0.1491378525029487,-0.12729675763528636,0.47619047619047616
T-book,5,1,RBF,classical,400,5.0,-0.0003255597828564958,-0.45737894859081574,-0.12971342430195304,0.4603174603174603
T-book,5,1,QK,quantum,400,0.0,-0.001456525758719241,-2.4923402635802026,-0.16236106136025485,0.4444444444444444
T-book,5,1,QK,quantum,400,5.0,-0.0017276897798832625,-2.9623006195005313,-0.1665277280269215,0.4444444444444444
T-book,5,1,VQC,quantum,400,0.0,0.0022472550116221955,3.338084866752437,-0.13669050874202704,0.6190476190476191
T-book,5,1,VQC,quantum,400,5.0,0.0020673608317280153,3.070341535631833,-0.13827384207536042,0.6190476190476191
T-book,5,2,LIN,classical,400,0.0,0.005091556090239065,8.747373317563753,-0.05849067912094266,0.7301587301587301
T-book,5,2,LIN,classical,400,5.0,0.0048613973600803335,8.371063251381344,-0.059490679120942636,0.7142857142857143
T-book,5,2,RBF,classical,400,0.0,0.001018361148279123,1.4412626936705168,-0.14563519990474594,0.5714285714285714
T-book,5,2,RBF,classical,400,5.0,0.000723387603305578,1.023648566983644,-0.15021853323807932,0.5714285714285714
T-book,5,2,QK,quantum,400,0.0,-0.0009810839230276977,-1.979776833376925,-0.12594131335919448,0.5238095238095238
T-book,5,2,QK,quantum,400,5.0,-0.0012800257219694972,-2.591566972047929,-0.13790533210915767,0.42857142857142855
T-book,5,2,VQC,quantum,400,0.0,0.0031170560494526494,4.697846265666546,-0.0616716653228252,0.6507936507936508
T-book,5,2,VQC,quantum,400,5.0,0.0028591195415161416,4.300342914871648,-0.06350118604997315,0.6507936507936508
T-book,6,0,LIN,classical,400,0.0,0.004519098694358438,11.562854181455513,-0.020408896673326765,0.7619047619047619
T-book,6,0,LIN,classical,400,5.0,0.004224125149384894,10.757895067776118,-0.021825563339993442,0.7619047619047619
T-book,6,0,RBF,classical,400,0.0,0.003813401121024527,9.891313458252819,-0.018184555603180858,0.7301587301587301
T-book,6,0,RBF,classical,400,5.0,0.0035237185813419866,9.131721540848265,-0.01943455560318086,0.6984126984126984
T-book,6,0,QK,quantum,400,0.0,0.001828971366468903,5.176414635433099,-0.019825732463966073,0.6507936507936508
T-book,6,0,QK,quantum,400,5.0,0.0015234158109133477,4.3056921113181685,-0.02223117548992541,0.6190476190476191
T-book,6,0,VQC,quantum,400,0.0,0.00403552926743939,10.564044051319083,-0.015339132426593178,0.7301587301587301
T-book,6,0,VQC,quantum,400,5.0,0.0037577514896616118,9.817248215743781,-0.016255799093259846,0.6984126984126984
T-book,6,1,LIN,classical,400,0.0,0.0043841290434773385,10.31257822121025,-0.02037242158957187,0.7619047619047619
T-book,6,1,LIN,classical,400,5.0,0.0041050285143768095,9.576768546208454,-0.022205754922905198,0.7301587301587301
T-book,6,1,RBF,classical,400,0.0,0.003584930001115037,8.776783207894283,-0.0214888356145944,0.7301587301587301
T-book,6,1,RBF,classical,400,5.0,0.0033005384667235027,8.07492358226745,-0.022488835614594402,0.7301587301587301
T-book,6,1,QK,quantum,400,0.0,0.000322086713206769,0.7726014042128906,-0.06919058626212754,0.5555555555555556
T-book,6,1,QK,quantum,400,5.0,5.621369733375312e-05,0.13522163775398358,-0.07260725292879419,0.5079365079365079
T-book,6,1,VQC,quantum,400,0.0,0.0037713768341608813,11.610696189173794,-0.017357584670404172,0.7777777777777778
T-book,6,1,VQC,quantum,400,5.0,0.0034750805378645855,10.656577099967713,-0.01885758467040416,0.746031746031746
T-book,6,2,LIN,classical,400,0.0,0.004171888647434944,9.594012971633399,-0.03276315781991648,0.746031746031746
T-book,6,2,LIN,classical,400,5.0,0.003936438911985207,9.04325916836683,-0.034179824486583146,0.6825396825396826
T-book,6,2,RBF,classical,400,0.0,0.00447822697207399,10.783554839542488,-0.0199441680439533,0.746031746031746
T-book,6,2,RBF,classical,400,5.0,0.004187221681068699,10.071510490383169,-0.020777501377286633,0.7301587301587301
T-book,6,2,QK,quantum,400,0.0,0.001917523515083557,5.815928905229587,-0.04509087899614099,0.6349206349206349
T-book,6,2,QK,quantum,400,5.0,0.0016609097584698,5.043125247222853,-0.05009087899614099,0.6349206349206349
T-book,6,2,VQC,quantum,400,0.0,0.002135229851092152,5.018935769568009,-0.05310443271282617,0.6031746031746031
T-book,6,2,VQC,quantum,400,5.0,0.0018891981050604054,4.432158980452443,-0.06146518225529617,0.5714285714285714
T-book,7,0,LIN,classical,400,0.0,-0.0014125757191529144,-3.0582772680181995,-0.18837594832276133,0.49206349206349204
T-book,7,0,LIN,classical,400,5.0,-0.0017075492641264595,-3.7083939818374065,-0.19562594832276134,0.47619047619047616
T-book,7,0,RBF,classical,400,0.0,-0.0006051897266885821,-1.3002497993727378,-0.15940136103388988,0.5555555555555556
T-book,7,0,RBF,classical,400,5.0,-0.0008763537478526033,-1.887809199357095,-0.16598469436722318,0.5396825396825397
T-book,7,0,QK,quantum,400,0.0,-0.0013458637294894548,-3.4413139755767097,-0.14993310345190425,0.47619047619047616
T-book,7,0,QK,quantum,400,5.0,-0.0016381917718174975,-4.214465967093441,-0.15818310345190428,0.4444444444444444
T-book,7,0,VQC,quantum,400,0.0,-0.00035526507110002063,-0.6962465007826759,-0.1490145016898442,0.5396825396825397
T-book,7,0,VQC,quantum,400,5.0,-0.0006383338541688039,-1.2509495139320161,-0.15418116835651088,0.5238095238095238
T-book,7,1,LIN,classical,400,0.0,0.007240789824941634,14.90280542134692,-0.01036957650122255,0.8095238095238095
T-book,7,1,LIN,classical,400,5.0,0.007001371835523643,14.31999384167043,-0.012369576501222551,0.8095238095238095
T-book,7,1,RBF,classical,400,0.0,0.004936859839480643,11.704411248941991,-0.01124562578792003,0.8095238095238095
T-book,7,1,RBF,classical,400,5.0,0.004661727564348367,11.030919318297585,-0.011578959121253368,0.7777777777777778
T-book,7,1,QK,quantum,400,0.0,0.0016572003673210932,3.8927128056263536,-0.03761185932104316,0.6190476190476191
T-book,7,1,QK,quantum,400,5.0,0.0013675178276385531,3.2115616435476277,-0.03977852598770982,0.6031746031746031
T-book,7,1,VQC,quantum,400,0.0,0.005092610456560505,11.819125624006535,-0.025587235757673202,0.7936507936507936
T-book,7,1,VQC,quantum,400,5.0,0.004834673948623997,11.172031900141482,-0.026670569091006548,0.7777777777777778
T-book,7,2,LIN,classical,400,0.0,0.006618823555185115,13.458406391598706,-0.007306190201329978,0.8095238095238095
T-book,7,2,LIN,classical,400,5.0,0.0063278182641798245,12.793960310049064,-0.007659370111670086,0.7936507936507936
T-book,7,2,RBF,classical,400,0.0,0.005127308314349676,11.712882001592028,-0.01124562578792003,0.8253968253968254
T-book,7,2,RBF,classical,400,5.0,0.004827043764085127,11.01307594897893,-0.011578959121253368,0.7936507936507936
T-book,7,2,QK,quantum,400,0.0,0.0023371471970922764,6.725527620444781,-0.017964475429798156,0.6349206349206349
T-book,7,2,QK,quantum,400,5.0,0.0020143958743409534,5.778403823554238,-0.020297808763131486,0.6031746031746031
T-book,7,2,VQC,quantum,400,0.0,0.006067326384944482,14.192571673870082,-0.008023930834356485,0.8253968253968254
T-book,7,2,VQC,quantum,400,5.0,0.005794839612457708,13.527056637214184,-0.008357264167689837,0.8253968253968254
