task,window,seed,model,family,n_train,reference,auc,brier,acc,auc_calm,auc_stress,wall_s
T-class,0,0,LIN,classical,150,False,0.7783979527098793,0.19051322385093944,0.6798941798941799,0.8162830349531118,0.7841008018327605,0.00515437126159668
T-class,0,0,RBF,classical,150,False,0.7572086425297434,0.20158847784722245,0.6732804232804233,0.7802642796248934,0.7624589537991598,0.0048863887786865234
T-class,0,0,QK,quantum,150,False,0.670202376624395,0.22709883101044556,0.6574074074074074,0.6548380221653879,0.6739671630393279,0.024923324584960938
T-class,0,0,VQC,quantum,150,False,0.7676981530192539,0.19443257769376454,0.7037037037037037,0.7824666098323386,0.7712103856433754,0.8867647647857666
T-class,0,0,LIN,classical,400,False,0.7805863860909732,0.1894768911356917,0.6706349206349206,0.8346831486217676,0.7847117220313097,0.003713369369506836
T-class,0,0,RBF,classical,400,False,0.7501871217467546,0.20388049614819226,0.671957671957672,0.7891091219096336,0.7452920962199312,0.013947486877441406
T-class,0,0,QK,quantum,400,False,0.6895169051132355,0.22407394640589262,0.6164021164021164,0.7298238135834043,0.6704161893852616,0.08267641067504883
T-class,0,0,VQC,quantum,400,False,0.7588873919149148,0.1999179045448832,0.66005291005291,0.7978118783745383,0.7587017945780832,0.8830888271331787
T-class,0,0,LIN,classical,full,True,0.7784050811573747,0.18999431215958504,0.6798941798941799,0.8166382495026996,0.7841008018327605,0.008375883102416992
T-class,0,0,RBF,classical,full,True,0.7583670152477493,0.20113272976747604,0.6746031746031746,0.7890736004546747,0.757930507827415,0.097869873046875
T-class,0,1,LIN,classical,150,False,0.7716686982742029,0.1948358457341708,0.6851851851851852,0.8089656152315998,0.7742497136311569,0.0252532958984375
T-class,0,1,RBF,classical,150,False,0.7613894769858074,0.19892629793957398,0.6746031746031746,0.787972435350952,0.7657502863688431,0.014468669891357422
T-class,0,1,QK,quantum,150,False,0.6789917523862479,0.22551796157288903,0.6428571428571429,0.6813725490196079,0.6709125620465826,0.037595272064208984
T-class,0,1,VQC,quantum,150,False,0.7643834249338837,0.1975016884646128,0.6904761904761905,0.7943307757885762,0.7659411989308896,0.8949475288391113
T-class,0,1,LIN,classical,400,False,0.7744986919298846,0.19227325115330196,0.6851851851851852,0.7994458653026427,0.784299350897289,0.003702402114868164
T-class,0,1,RBF,classical,400,False,0.7714405879543494,0.19509457294637783,0.6865079365079365,0.8138675760159136,0.7744482626956855,0.014966011047363281
T-class,0,1,QK,quantum,400,False,0.7160097802299638,0.21340108981694697,0.6706349206349206,0.7559676044330775,0.6989614356624665,0.0804133415222168
T-class,0,1,VQC,quantum,400,False,0.7719110654890472,0.19171724773563167,0.6891534391534392,0.7772804774083546,0.7842840778923253,0.8643417358398438
T-class,0,1,LIN,classical,full,True,0.7784050811573747,0.18999431215958504,0.6798941798941799,0.8166382495026996,0.7841008018327605,0.007891416549682617
T-class,0,1,RBF,classical,full,True,0.762572799270047,0.19864069124859493,0.6785714285714286,0.7914890593918728,0.7610385643375335,0.0873565673828125
T-class,0,2,LIN,classical,150,False,0.7770578045807404,0.19241413299256516,0.6865079365079365,0.8267973856209151,0.7794730813287514,0.0033330917358398438
T-class,0,2,RBF,classical,150,False,0.7509142233912877,0.2031531699669407,0.6759259259259259,0.7978829212844559,0.744581901489118,0.006204366683959961
T-class,0,2,QK,quantum,150,False,0.6574923547400611,0.23612915735173734,0.6441798941798942,0.7582409775504404,0.6084154257350134,0.023972749710083008
T-class,0,2,VQC,quantum,150,False,0.7585594833301255,0.20432094390452102,0.6838624338624338,0.8115942028985507,0.752012218403971,0.8807342052459717
T-class,0,2,LIN,classical,400,False,0.774420279007435,0.19198774712270592,0.6812169312169312,0.8107416879795397,0.777258495609011,0.0037260055541992188
T-class,0,2,RBF,classical,400,False,0.7406884654591077,0.205816785465036,0.671957671957672,0.7795538505257176,0.7367086674303169,0.01233673095703125
T-class,0,2,QK,quantum,400,False,0.6808308918400662,0.22473481092844597,0.6653439153439153,0.7406578573458369,0.6496449026345934,0.07929587364196777
T-class,0,2,VQC,quantum,400,False,0.746854572542646,0.20463665477099974,0.6746031746031746,0.7861608411480534,0.7440091638029782,0.857532262802124
T-class,0,2,LIN,classical,full,True,0.7784050811573747,0.18999431215958504,0.6798941798941799,0.8166382495026996,0.7841008018327605,0.007647037506103516
T-class,0,2,RBF,classical,full,True,0.7716259275892303,0.1958604169900154,0.6825396825396826,0.8069764137539073,0.7799465444826269,0.08652114868164062
T-class,1,0,LIN,classical,150,False,0.7019494096857994,0.2240803195691671,0.6772486772486772,0.6720984671147021,0.5864432597105865,0.011780261993408203
T-class,1,0,RBF,classical,150,False,0.7139422569221996,0.2129219972705025,0.6984126984126984,0.7118024616778675,0.4948591012947448,0.005949974060058594
T-class,1,0,QK,quantum,150,False,0.7156917271530453,0.21566088841427894,0.7063492063492064,0.7131012610435701,0.43116907844630614,0.027055978775024414
T-class,1,0,VQC,quantum,150,False,0.7128334377618045,0.2194646345789934,0.6944444444444444,0.7021067733897154,0.5508377760853008,0.8652534484863281
T-class,1,0,LIN,classical,400,False,0.7163253381018424,0.21725871369466548,0.708994708994709,0.700974099524277,0.5932977913175932,0.003641843795776367
T-class,1,0,RBF,classical,400,False,0.7230204937941328,0.2093124275807188,0.6997354497354498,0.7169750056633694,0.5236100533130236,0.02371978759765625
T-class,1,0,QK,quantum,400,False,0.7373119407503361,0.20505693173653236,0.708994708994709,0.7254700596541568,0.49885757806549885,0.08030152320861816
T-class,1,0,VQC,quantum,400,False,0.7205916518237434,0.21802954953142545,0.6917989417989417,0.7045231443026504,0.5651180502665651,0.8505570888519287
T-class,1,0,LIN,classical,full,True,0.7402335912364566,0.20322451590848203,0.7592592592592593,0.7446349014573737,0.5902513328255903,0.007409811019897461
T-class,1,0,RBF,classical,full,True,0.7207465345001162,0.2040858661783461,0.7420634920634921,0.7181303330061165,0.5283701447067783,0.046889543533325195
T-class,1,1,LIN,classical,150,False,0.7511387396774215,0.20351361183555688,0.7341269841269841,0.7560673563391982,0.583015993907083,0.0059015750885009766
T-class,1,1,RBF,classical,150,False,0.7433206845814295,0.20265425333765577,0.7076719576719577,0.7511591029222986,0.49352627570449353,0.005907297134399414
T-class,1,1,QK,quantum,150,False,0.749751835711721,0.20704079807128103,0.7037037037037037,0.7567620629766669,0.4716298552932216,0.024121761322021484
T-class,1,1,VQC,quantum,150,False,0.7787008159500997,0.19433279324104846,0.7341269841269841,0.7800951446046968,0.604912414318355,1.0293855667114258
T-class,1,1,LIN,classical,400,False,0.7311870349119632,0.21175241810279755,0.7275132275132276,0.7433361020916711,0.5468392993145468,0.00372314453125
T-class,1,1,RBF,classical,400,False,0.7343832501425624,0.20114024621169793,0.7261904761904762,0.747247602506985,0.5186595582635186,0.014937162399291992
T-class,1,1,QK,quantum,400,False,0.7378610702392937,0.2061422530466993,0.6984126984126984,0.7468398399154269,0.5087585681645088,0.08950471878051758
T-class,1,1,VQC,quantum,400,False,0.7531592545919193,0.19817265905126744,0.7513227513227513,0.7638752548516197,0.5824447829398324,0.886385440826416
T-class,1,1,LIN,classical,full,True,0.7402335912364566,0.20322451590848203,0.7592592592592593,0.7446349014573737,0.5902513328255903,0.007705211639404297
T-class,1,1,RBF,classical,full,True,0.7401561498982703,0.20092645422876088,0.7208994708994709,0.7419617911349391,0.5165651180502666,0.057476043701171875
T-class,1,2,LIN,classical,150,False,0.7460557718437375,0.2039999886622054,0.7328042328042328,0.7374915049460092,0.5997715156130998,0.003278970718383789
T-class,1,2,RBF,classical,150,False,0.7395682997402194,0.2047522871808694,0.7328042328042328,0.7408895265423242,0.5028560548362528,0.0059201717376708984
T-class,1,2,QK,quantum,150,False,0.7461754539118437,0.226439864368596,0.705026455026455,0.7418862795439098,0.4388804265041889,0.023621320724487305
T-class,1,2,VQC,quantum,150,False,0.7696824201122195,0.19135104103589554,0.7407407407407407,0.7605678471645396,0.6260472201066261,0.8512997627258301
T-class,1,2,LIN,classical,400,False,0.7499630393613201,0.20026020795417693,0.753968253968254,0.7503737823755947,0.6024371667936024,0.003952980041503906
T-class,1,2,RBF,classical,400,False,0.7513992241785937,0.19610815039459709,0.7248677248677249,0.7511742052405044,0.5312261995430312,0.028994083404541016
T-class,1,2,QK,quantum,400,False,0.7684433587012383,0.1968166985447594,0.7076719576719577,0.7546401872687457,0.5455064737242955,0.0820760726928711
T-class,1,2,VQC,quantum,400,False,0.7682180748083327,0.19095707920014604,0.75,0.7662161141735256,0.6041507996953542,0.861264705657959
T-class,1,2,LIN,classical,full,True,0.7402335912364566,0.20322451590848203,0.7592592592592593,0.7446349014573737,0.5902513328255903,0.007506132125854492
T-class,1,2,RBF,classical,full,True,0.7383045979034517,0.2019838221516085,0.7248677248677249,0.7475043419164843,0.5163747143945164,0.10641360282897949
T-class,2,0,LIN,classical,150,False,0.7577351485148515,0.19907274769229324,0.6917989417989417,0.7823639385126713,0.682937181663837,0.02485036849975586
T-class,2,0,RBF,classical,150,False,0.7401447175967597,0.20627779095624052,0.6759259259259259,0.7664935604486913,0.639926428975665,0.010479211807250977
T-class,2,0,QK,quantum,150,False,0.7063772783528353,0.21857245899199657,0.656084656084656,0.7142293311175738,0.6136813808715337,0.02399754524230957
T-class,2,0,VQC,quantum,150,False,0.7302261476147615,0.20970659922686455,0.6759259259259259,0.7289364353967593,0.6868043765327297,0.863194465637207
T-class,2,0,LIN,classical,400,False,0.7543949707470747,0.1998301083147678,0.6944444444444444,0.7743041130037391,0.6826542161856253,0.0040283203125
T-class,2,0,RBF,classical,400,False,0.7440122918541854,0.20511927595136806,0.6838624338624338,0.7610095554632323,0.6588615355593285,0.01984405517578125
T-class,2,0,QK,quantum,400,False,0.7261230029252925,0.21156093721724914,0.6785714285714286,0.7517449106771914,0.616204489718921,0.07799625396728516
T-class,2,0,VQC,quantum,400,False,0.7483896827182717,0.20240223948655384,0.6931216931216931,0.7546738678853344,0.6950103754008679,0.8658885955810547
T-class,2,0,LIN,classical,full,True,0.7541207245724573,0.19977765498603,0.6851851851851852,0.7792895720814291,0.6745425391435579,0.007894277572631836
T-class,2,0,RBF,classical,full,True,0.7492335171017102,0.20299766184822085,0.6891534391534392,0.7583298712089739,0.67491982644784,0.061081886291503906
T-class,2,1,LIN,classical,150,False,0.7011349572457245,0.2194443242513772,0.6494708994708994,0.7528666389696718,0.5618751179022826,0.017797231674194336
T-class,2,1,RBF,classical,150,False,0.7094678217821782,0.21673171232263697,0.6574074074074074,0.773764021603656,0.5240284851914734,0.006781339645385742
T-class,2,1,QK,quantum,150,False,0.7110113355085508,0.21584451502817292,0.656084656084656,0.77001454092231,0.555461233729485,0.023135662078857422
T-class,2,1,VQC,quantum,150,False,0.6999043654365436,0.22418417486880984,0.6613756613756614,0.7532197756543415,0.542491982644784,0.8673496246337891
T-class,2,1,LIN,classical,400,False,0.7467371737173718,0.20234624932286843,0.6812169312169312,0.7839426672206066,0.6444067157140162,0.003541231155395508
T-class,2,1,RBF,classical,400,False,0.7439243924392438,0.2036925559365105,0.701058201058201,0.7791337764852513,0.6274995283908698,0.015345573425292969
T-class,2,1,QK,quantum,400,False,0.7278036397389738,0.2087912949449591,0.6772486772486772,0.7436643124221023,0.6239388794567063,0.0775601863861084
T-class,2,1,VQC,quantum,400,False,0.7440509675967597,0.20417969701573094,0.6838624338624338,0.781657665143332,0.6370024523674778,0.8781390190124512
T-class,2,1,LIN,classical,full,True,0.7541207245724573,0.19977765498603,0.6851851851851852,0.7792895720814291,0.6745425391435579,0.007537126541137695
T-class,2,1,RBF,classical,full,True,0.7355458202070208,0.20861535032205633,0.6772486772486772,0.7633257166597425,0.6297868326730804,0.07849478721618652
T-class,2,2,LIN,classical,150,False,0.7445572682268227,0.20691752624319718,0.6931216931216931,0.7716452014956378,0.661620448971892,0.02062368392944336
T-class,2,2,RBF,classical,150,False,0.7553583483348335,0.2077327544933966,0.6984126984126984,0.7746364769422519,0.6882663648368232,0.006677865982055664
T-class,2,2,QK,quantum,150,False,0.7432633888388839,0.2180517536427428,0.6865079365079365,0.7264437058579143,0.6993727598566308,0.0253598690032959
T-class,2,2,VQC,quantum,150,False,0.7581640976597659,0.2009882951716616,0.6984126984126984,0.7564810968009971,0.7299094510469721,0.8897695541381836
T-class,2,2,LIN,classical,400,False,0.7473630175517552,0.20271710675533047,0.6798941798941799,0.775321977565434,0.6575174495378231,0.003668069839477539
T-class,2,2,RBF,classical,400,False,0.7511462083708371,0.20234958740239187,0.6865079365079365,0.7779393435812214,0.6678928504055839,0.01487278938293457
T-class,2,2,QK,quantum,400,False,0.7399302430243024,0.2063087358604503,0.6970899470899471,0.750498545907769,0.6514808526693077,0.0771481990814209
T-class,2,2,VQC,quantum,400,False,0.7626997074707471,0.1975799953959662,0.7023809523809523,0.7805151641046946,0.7073665346161102,0.8860468864440918
T-class,2,2,LIN,classical,full,True,0.7541207245724573,0.19977765498603,0.6851851851851852,0.7792895720814291,0.6745425391435579,0.007827281951904297
T-class,2,2,RBF,classical,full,True,0.7504219171917192,0.20229022498500573,0.6984126984126984,0.7589945990859992,0.6797774004904734,0.1232609748840332
T-class,3,0,LIN,classical,150,False,0.7899237297239232,0.1855487933512916,0.7142857142857143,0.7982577093688205,0.5725694444444445,0.013948440551757812
T-class,3,0,RBF,classical,150,False,0.7993769470404984,0.18478970300712175,0.7275132275132276,0.8078135855913633,0.5979166666666668,0.006340980529785156
T-class,3,0,QK,quantum,150,False,0.7960360941024814,0.19619123861627286,0.7182539682539683,0.7970498637165305,0.6980902777777778,0.024318218231201172
T-class,3,0,VQC,quantum,150,False,0.7434167651376804,0.2047510367074504,0.6798941798941799,0.7541980653091764,0.5805555555555555,0.9289913177490234
T-class,3,0,LIN,classical,400,False,0.782969885773624,0.18574849349088596,0.7103174603174603,0.7906899684677463,0.5378472222222223,0.0035576820373535156
T-class,3,0,RBF,classical,400,False,0.8025638271207076,0.1807758408083855,0.7182539682539683,0.8099192988081878,0.5756944444444444,0.012561798095703125
T-class,3,0,QK,quantum,400,False,0.7881512514770652,0.1905882026372825,0.716931216931217,0.788584255250922,0.6342013888888889,0.07979869842529297
T-class,3,0,VQC,quantum,400,False,0.7836645540158269,0.18736836355287245,0.7129629629629629,0.7880177435732991,0.5909722222222222,0.924593448638916
T-class,3,0,LIN,classical,full,True,0.8094747019013857,0.17854340633059612,0.7447089947089947,0.8165036609481054,0.5809027777777778,0.008583784103393555
T-class,3,0,RBF,classical,full,True,0.8147097790668528,0.1778908880814219,0.7328042328042328,0.8209823098711988,0.6152777777777778,0.06568670272827148
T-class,3,1,LIN,classical,150,False,0.773208722741433,0.19199185150288467,0.6944444444444444,0.7829725829725829,0.5409722222222222,0.0035309791564941406
T-class,3,1,RBF,classical,150,False,0.7551258638593477,0.20751412937013736,0.6666666666666666,0.7636791192346748,0.5447916666666668,0.005091428756713867
T-class,3,1,QK,quantum,150,False,0.6866544920686075,0.22292235326580714,0.6349206349206349,0.6890385334829778,0.534375,0.025502920150756836
T-class,3,1,VQC,quantum,150,False,0.7763597951802914,0.19081363352356534,0.6984126984126984,0.7786328897440009,0.570486111111111,0.9418063163757324
T-class,3,1,LIN,classical,400,False,0.8049557775629319,0.17884732855897453,0.7288359788359788,0.8126449682005238,0.579861111111111,0.003998517990112305
T-class,3,1,RBF,classical,400,False,0.791484942886812,0.18592046685771738,0.708994708994709,0.7996846774624553,0.5770833333333334,0.01666855812072754
T-class,3,1,QK,quantum,400,False,0.7686539907616285,0.1953160914746678,0.6970899470899471,0.7689594356261023,0.6229166666666667,0.1048893928527832
T-class,3,1,VQC,quantum,400,False,0.7764242489347226,0.19270388119663828,0.708994708994709,0.7831542942654054,0.5760416666666666,0.9242663383483887
T-class,3,1,LIN,classical,full,True,0.8094747019013857,0.17854340633059612,0.7447089947089947,0.8165036609481054,0.5809027777777778,0.008669376373291016
T-class,3,1,RBF,classical,full,True,0.7943746195438105,0.18475532818064497,0.7208994708994709,0.8007268451712897,0.6010416666666667,0.08045506477355957
T-class,3,2,LIN,classical,150,False,0.823339420632363,0.17421094039763615,0.7407407407407407,0.8277804500026723,0.5982638888888889,0.02475905418395996
T-class,3,2,RBF,classical,150,False,0.8307945715615712,0.17665089030081685,0.7380952380952381,0.835369568702902,0.6461805555555555,0.009163618087768555
T-class,3,2,QK,quantum,150,False,0.815579904751674,0.20138173610386487,0.7275132275132276,0.8142696809363477,0.7045138888888889,0.054468393325805664
T-class,3,2,VQC,quantum,150,False,0.8414938947971498,0.1668095950963004,0.7738095238095238,0.8452674897119341,0.6479166666666667,0.8920004367828369
T-class,3,2,LIN,classical,400,False,0.8019121280481255,0.18032656302529754,0.7301587301587301,0.8095879429212762,0.5826388888888888,0.003838062286376953
T-class,3,2,RBF,classical,400,False,0.8223475489669495,0.17679823197045308,0.7407407407407407,0.8294906739351183,0.6065972222222221,0.01304006576538086
T-class,3,2,QK,quantum,400,False,0.8049450352705267,0.18988539963880538,0.7116402116402116,0.8064988509432954,0.6444444444444444,0.08330225944519043
T-class,3,2,VQC,quantum,400,False,0.8182905432019194,0.17670094055292054,0.7248677248677249,0.8217625995403774,0.5875,0.8910598754882812
T-class,3,2,LIN,classical,full,True,0.8094747019013857,0.17854340633059612,0.7447089947089947,0.8165036609481054,0.5809027777777778,0.008432388305664062
T-class,3,2,RBF,classical,full,True,0.8119955598524724,0.17838162216691988,0.7328042328042328,0.8198065309176421,0.5788194444444444,0.1128542423248291
T-class,4,0,LIN,classical,150,False,0.7029787685131902,0.2066207278302043,0.6917989417989417,0.7029787685131902,,0.021488666534423828
T-class,4,0,RBF,classical,150,False,0.6881720023018445,0.2127670638478277,0.6587301587301587,0.6881720023018445,,0.0056493282318115234
T-class,4,0,QK,quantum,150,False,0.6556546627494927,0.223127019833616,0.6375661375661376,0.6556546627494927,,0.022805213928222656
T-class,4,0,VQC,quantum,150,False,0.661197262016537,0.21787032530844797,0.6574074074074074,0.661197262016537,,0.8867833614349365
T-class,4,0,LIN,classical,400,False,0.7073780173849835,0.20470556564997963,0.6904761904761905,0.7073780173849835,,0.004396915435791016
T-class,4,0,RBF,classical,400,False,0.6887739649271588,0.21170054411955005,0.6772486772486772,0.6887739649271588,,0.013935565948486328
T-class,4,0,QK,quantum,400,False,0.6405488081897204,0.2257003600035821,0.6613756613756614,0.6405488081897204,,0.07781839370727539
T-class,4,0,VQC,quantum,400,False,0.6644910197776903,0.21949394652210888,0.6574074074074074,0.6644910197776903,,0.8970763683319092
T-class,4,0,LIN,classical,full,True,0.7048414453160493,0.20667771611363264,0.6865079365079365,0.7048414453160493,,0.007961034774780273
T-class,4,0,RBF,classical,full,True,0.7069312778265743,0.2059941712976335,0.6917989417989417,0.7069312778265743,,0.0717477798461914
T-class,4,1,LIN,classical,150,False,0.707786897658782,0.20722777859354985,0.6891534391534392,0.707786897658782,,0.006356000900268555
T-class,4,1,RBF,classical,150,False,0.6968531362631372,0.2110899611215739,0.6772486772486772,0.6968531362631372,,0.004912376403808594
T-class,4,1,QK,quantum,150,False,0.648120665111912,0.23494397663570665,0.6031746031746031,0.648120665111912,,0.023458480834960938
T-class,4,1,VQC,quantum,150,False,0.6822773116879184,0.2205355461872073,0.6428571428571429,0.6822773116879184,,0.861152172088623
T-class,4,1,LIN,classical,400,False,0.6997228700366478,0.2082502577043074,0.6865079365079365,0.6997228700366478,,0.003715991973876953
T-class,4,1,RBF,classical,400,False,0.6998137323197141,0.20798258609926557,0.6851851851851852,0.6998137323197141,,0.017049312591552734
T-class,4,1,QK,quantum,400,False,0.6644153012084684,0.2178403396690421,0.671957671957672,0.6644153012084684,,0.07620501518249512
T-class,4,1,VQC,quantum,400,False,0.6934079413635401,0.2094224769796102,0.6746031746031746,0.6934079413635401,,0.892183780670166
T-class,4,1,LIN,classical,full,True,0.7048414453160493,0.20667771611363264,0.6865079365079365,0.7048414453160493,,0.007840156555175781
T-class,4,1,RBF,classical,full,True,0.6775524729684708,0.21186136649983167,0.6944444444444444,0.6775524729684708,,0.03909897804260254
T-class,4,2,LIN,classical,150,False,0.6935518066450617,0.21307582387610752,0.6812169312169312,0.6935518066450617,,0.008291006088256836
T-class,4,2,RBF,classical,150,False,0.687005936335827,0.2188167635264274,0.6706349206349206,0.687005936335827,,0.004560232162475586
T-class,4,2,QK,quantum,150,False,0.6721878123390981,0.2398990950060431,0.6931216931216931,0.6721878123390981,,0.02299785614013672
T-class,4,2,VQC,quantum,150,False,0.6885695247902596,0.21355741301476688,0.6574074074074074,0.6885695247902596,,0.8557250499725342
T-class,4,2,LIN,classical,400,False,0.6959066541478632,0.21227431304872973,0.6891534391534392,0.6959066541478632,,0.003950357437133789
T-class,4,2,RBF,classical,400,False,0.700480055728867,0.21433581614745056,0.656084656084656,0.700480055728867,,0.01132059097290039
T-class,4,2,QK,quantum,400,False,0.6805054971681255,0.21923832026745546,0.6468253968253969,0.6805054971681255,,0.0783700942993164
T-class,4,2,VQC,quantum,400,False,0.6943468516218918,0.21932264226133089,0.6455026455026455,0.6943468516218918,,0.8660867214202881
T-class,4,2,LIN,classical,full,True,0.7048414453160493,0.20667771611363264,0.6865079365079365,0.7048414453160493,,0.00774073600769043
T-class,4,2,RBF,classical,full,True,0.7041675500499742,0.20753833499232427,0.6917989417989417,0.7041675500499742,,0.04371309280395508
T-class,5,0,LIN,classical,150,False,0.6386184210526316,0.23438304541710883,0.6124338624338624,0.6366379310344829,0.5875,0.020379304885864258
T-class,5,0,RBF,classical,150,False,0.6872733918128655,0.22102624319028957,0.6309523809523809,0.5614224137931034,0.5930404974489796,0.005099773406982422
T-class,5,0,QK,quantum,150,False,0.6251900584795321,0.23460672105839223,0.5952380952380952,0.327801724137931,0.5585618622448979,0.02451777458190918
T-class,5,0,VQC,quantum,150,False,0.6761038011695906,0.22619345585798464,0.6468253968253969,0.5489224137931035,0.5952646683673469,0.8823699951171875
T-class,5,0,LIN,classical,400,False,0.7147587719298245,0.21772185627643362,0.6521164021164021,0.7060344827586209,0.5916135204081632,0.003589630126953125
T-class,5,0,RBF,classical,400,False,0.7290570175438595,0.21212137005918538,0.6613756613756614,0.6336206896551724,0.5908641581632654,0.012838602066040039
T-class,5,0,QK,quantum,400,False,0.7015131578947369,0.22074972635465714,0.6402116402116402,0.409698275862069,0.6,0.07849264144897461
T-class,5,0,VQC,quantum,400,False,0.701140350877193,0.22068173594867102,0.66005291005291,0.6808189655172414,0.5845503826530613,0.8624656200408936
T-class,5,0,LIN,classical,full,True,0.7294956140350878,0.21375837360903982,0.6534391534391535,0.7275862068965517,0.6023596938775511,0.007664918899536133
T-class,5,0,RBF,classical,full,True,0.7195760233918129,0.21853595885149285,0.6626984126984127,0.6079741379310345,0.5966039540816326,0.06271743774414062
T-class,5,1,LIN,classical,150,False,0.7192982456140351,0.21577804309350548,0.66005291005291,0.6601293103448276,0.6010044642857143,0.02056407928466797
T-class,5,1,RBF,classical,150,False,0.6923245614035087,0.22039285474549627,0.6283068783068783,0.47435344827586207,0.5803810586734695,0.0049092769622802734
T-class,5,1,QK,quantum,150,False,0.6268347953216373,0.23007002176117347,0.6190476190476191,0.3043103448275862,0.5377790178571429,0.02442336082458496
T-class,5,1,VQC,quantum,150,False,0.6841374269005848,0.22532777450559777,0.6362433862433863,0.46961206896551727,0.5778698979591836,0.8838272094726562
T-class,5,1,LIN,classical,400,False,0.7258479532163742,0.21696768526607127,0.6613756613756614,0.6719827586206897,0.6005102040816327,0.0038182735443115234
T-class,5,1,RBF,classical,400,False,0.7047551169590642,0.22494143984057088,0.6428571428571429,0.4894396551724137,0.5956473214285714,0.010591745376586914
T-class,5,1,QK,quantum,400,False,0.655032894736842,0.22988120308893,0.6362433862433863,0.33469827586206896,0.553954081632653,0.07892251014709473
T-class,5,1,VQC,quantum,400,False,0.7026754385964912,0.22506897421414748,0.6494708994708994,0.49202586206896554,0.5892059948979593,0.8856496810913086
T-class,5,1,LIN,classical,full,True,0.7294956140350878,0.21375837360903982,0.6534391534391535,0.7275862068965517,0.6023596938775511,0.008095264434814453
T-class,5,1,RBF,classical,full,True,0.7239656432748538,0.21362683828258344,0.6534391534391535,0.6359913793103449,0.5984295280612245,0.07091784477233887
T-class,5,2,LIN,classical,150,False,0.7322953216374269,0.20939159951274486,0.6494708994708994,0.7381465517241379,0.6041135204081632,0.01804804801940918
T-class,5,2,RBF,classical,150,False,0.6908260233918129,0.21967298277633932,0.6349206349206349,0.5633620689655173,0.5798788265306122,0.005051851272583008
T-class,5,2,QK,quantum,150,False,0.6271125730994151,0.23247227798435946,0.6044973544973545,0.45840517241379314,0.528077168367347,0.024591684341430664
T-class,5,2,VQC,quantum,150,False,0.6758406432748538,0.22545073644273242,0.6375661375661376,0.5625,0.5814094387755102,0.8706858158111572
T-class,5,2,LIN,classical,400,False,0.7235891812865497,0.2140352660124996,0.6521164021164021,0.7213362068965518,0.6013711734693877,0.003583669662475586
T-class,5,2,RBF,classical,400,False,0.7080116959064329,0.21910880478598255,0.6455026455026455,0.5950431034482759,0.5907445790816326,0.012978076934814453
T-class,5,2,QK,quantum,400,False,0.6686951754385965,0.22560170044359132,0.6468253968253969,0.5385775862068966,0.5605229591836735,0.08167266845703125
T-class,5,2,VQC,quantum,400,False,0.6885380116959066,0.22639440190789573,0.6574074074074074,0.6282327586206897,0.5913424744897959,0.8709325790405273
T-class,5,2,LIN,classical,full,True,0.7294956140350878,0.21375837360903982,0.6534391534391535,0.7275862068965517,0.6023596938775511,0.0088653564453125
T-class,5,2,RBF,classical,full,True,0.7344883040935672,0.20973920952114158,0.6613756613756614,0.6012931034482758,0.6126116071428572,0.06976485252380371
T-class,6,0,LIN,classical,150,False,0.7215601757944557,0.21646842068349365,0.6732804232804233,0.6346574609811835,0.7672519704386943,0.03507399559020996
T-class,6,0,RBF,classical,150,False,0.7175033806626099,0.21647970506219416,0.6653439153439153,0.6373316477852871,0.7590772487572532,0.006682872772216797
T-class,6,0,QK,quantum,150,False,0.6847602546765832,0.22887300204666716,0.6309523809523809,0.6212865269606651,0.7183170468936058,0.023531436920166016
T-class,6,0,VQC,quantum,150,False,0.7213066260987154,0.21828408456335263,0.6574074074074074,0.6394223756503137,0.7661746082748975,0.8815617561340332
T-class,6,0,LIN,classical,400,False,0.7172427879197656,0.21792658575832435,0.6759259259259259,0.6232313900909223,0.765210652654658,0.0039577484130859375
T-class,6,0,RBF,classical,400,False,0.7209333446022087,0.2142636070992751,0.6746031746031746,0.6351922983420042,0.7662407620919727,0.01323390007019043
T-class,6,0,QK,quantum,400,False,0.6947226448050483,0.2219175435735694,0.6521164021164021,0.6190985559391257,0.7359423138715103,0.07668447494506836
T-class,6,0,VQC,quantum,400,False,0.7240604575163399,0.21600503559628711,0.6851851851851852,0.6405892935284679,0.7708053754701647,0.8771388530731201
T-class,6,0,LIN,classical,full,True,0.7059668695064233,0.22059125966460763,0.6693121693121693,0.6087907813487625,0.7551741735498139,0.008626699447631836
T-class,6,0,RBF,classical,full,True,0.7191303245436105,0.21366950000102675,0.6798941798941799,0.6264890358341033,0.7657209821006673,0.11220550537109375
T-class,6,1,LIN,classical,150,False,0.691331417624521,0.22755575307632292,0.6441798941798942,0.592453931054602,0.7399776967131003,0.015900373458862305
T-class,6,1,RBF,classical,150,False,0.6732624802794681,0.23287147769798083,0.6177248677248677,0.5881266105897797,0.7143289167784981,0.014816999435424805
T-class,6,1,QK,quantum,150,False,0.6032369844489519,0.25054853404376426,0.5595238095238095,0.5499100500802256,0.624123461923753,0.048423051834106445
T-class,6,1,VQC,quantum,150,False,0.6324938021185486,0.24671382370750006,0.5727513227513228,0.552000777945252,0.6758273952407055,0.86305832862854
T-class,6,1,LIN,classical,400,False,0.709678555330178,0.2219943595562993,0.656084656084656,0.6203140953955365,0.7570453815185135,0.003989696502685547
T-class,6,1,RBF,classical,400,False,0.7009029186387198,0.22490877176809304,0.6441798941798942,0.6167160986045608,0.7449675846296331,0.014354467391967773
T-class,6,1,QK,quantum,400,False,0.6283947487040793,0.24659965612601106,0.5833333333333334,0.5568629357708953,0.6656775095923035,0.07840800285339355
T-class,6,1,VQC,quantum,400,False,0.7050231011945007,0.22508479697116301,0.6428571428571429,0.625224874799436,0.7494282420095639,0.8830230236053467
T-class,6,1,LIN,classical,full,True,0.7059668695064233,0.22059125966460763,0.6693121693121693,0.6087907813487625,0.7551741735498139,0.00892329216003418
T-class,6,1,RBF,classical,full,True,0.7096644692359704,0.21830780241681522,0.6759259259259259,0.6068459182185053,0.7638308730413745,0.06771016120910645
T-class,6,2,LIN,classical,150,False,0.705840094658553,0.22172750154306137,0.6746031746031746,0.609276997131327,0.754626041922619,0.006738901138305664
T-class,6,2,RBF,classical,150,False,0.6986702727067838,0.2236929906183915,0.656084656084656,0.6187095833130745,0.7394106639953124,0.007198810577392578
T-class,6,2,QK,quantum,150,False,0.6436781609195403,0.2428224690772925,0.5833333333333334,0.5935236057762434,0.6711966280454381,0.02428150177001953
T-class,6,2,VQC,quantum,150,False,0.6608772819472617,0.239021723986125,0.6203703703703703,0.6110759955268147,0.6880374997637364,0.8916747570037842
T-class,6,2,LIN,classical,400,False,0.7028115844038765,0.2219135469524948,0.6494708994708994,0.6029075703797345,0.751979889239609,0.0034439563751220703
T-class,6,2,RBF,classical,400,False,0.7053013015551048,0.22125985320536898,0.6640211640211641,0.6169835172849711,0.7519609881490162,0.014627456665039062
T-class,6,2,QK,quantum,400,False,0.6742132916384944,0.23108935974704706,0.6362433862433863,0.6124373997179948,0.7086963917818058,0.07723665237426758
T-class,6,2,VQC,quantum,400,False,0.6826684696867252,0.22939444781619617,0.6494708994708994,0.5905576895026012,0.7312831950403538,0.8544931411743164
T-class,6,2,LIN,classical,full,True,0.7059668695064233,0.22059125966460763,0.6693121693121693,0.6087907813487625,0.7551741735498139,0.009900093078613281
T-class,6,2,RBF,classical,full,True,0.707305048456164,0.21761934507548755,0.667989417989418,0.6136529391744057,0.7564027444383541,0.10662102699279785
T-class,7,0,LIN,classical,150,False,0.750338568440458,0.2032827332168404,0.7116402116402116,0.7793299383543286,0.5789930555555556,0.040743112564086914
T-class,7,0,RBF,classical,150,False,0.7468004396071897,0.20097933989579306,0.7142857142857143,0.7753417314392923,0.5423177083333334,0.01542973518371582
T-class,7,0,QK,quantum,150,False,0.7038536533484596,0.2157401150282919,0.6825396825396826,0.7326829268292685,0.4796006944444444,0.024679183959960938
T-class,7,0,VQC,quantum,150,False,0.7632006239585918,0.20102339829117866,0.7129629629629629,0.7843795229161084,0.6004774305555556,0.9910013675689697
T-class,7,0,LIN,classical,400,False,0.7543588470946929,0.19944404639443133,0.7156084656084656,0.7854945054945056,0.5666232638888888,0.005645751953125
T-class,7,0,RBF,classical,400,False,0.7438260006381395,0.20178488464694663,0.708994708994709,0.7763709461270437,0.5279947916666667,0.022069931030273438
T-class,7,0,QK,quantum,400,False,0.7112418903109157,0.2134852531332401,0.6851851851851852,0.7441704636826589,0.4927300347222222,0.1003255844116211
T-class,7,0,VQC,quantum,400,False,0.7472187754812635,0.2033292549487164,0.6970899470899471,0.7752666845349772,0.5692274305555556,0.9703638553619385
T-class,7,0,LIN,classical,full,True,0.8020065941078456,0.1810511897882795,0.7103174603174603,0.8195014741356205,0.689236111111111,0.008948326110839844
T-class,7,0,RBF,classical,full,True,0.7992696848300067,0.18557183317361903,0.7195767195767195,0.8134226748860895,0.6961805555555557,0.09017014503479004
T-class,7,1,LIN,classical,150,False,0.8056936221505301,0.1789397034199027,0.7235449735449735,0.8155775931385687,0.7293836805555556,0.01235198974609375
T-class,7,1,RBF,classical,150,False,0.8021448576594462,0.18196864085909562,0.7235449735449735,0.8131332082551594,0.6962890625,0.006276607513427734
T-class,7,1,QK,quantum,150,False,0.7580742368915517,0.19988005149560695,0.7076719576719577,0.7732833020637899,0.5950520833333333,0.023224830627441406
T-class,7,1,VQC,quantum,150,False,0.7906760733151346,0.18939088790937098,0.7103174603174603,0.8048994907531493,0.6790364583333333,0.8594279289245605
T-class,7,1,LIN,classical,400,False,0.8110114510582478,0.1773817067928263,0.7182539682539683,0.8249584561779683,0.7211371527777778,0.0036520957946777344
T-class,7,1,RBF,classical,400,False,0.8036232140957917,0.18173112921901524,0.708994708994709,0.8218279281693914,0.6655815972222222,0.016219139099121094
T-class,7,1,QK,quantum,400,False,0.7722054809089942,0.1917999108555474,0.6997354497354498,0.7892790136692576,0.6085069444444444,0.07704615592956543
T-class,7,1,VQC,quantum,400,False,0.7958450030134363,0.18443336802929738,0.7076719576719577,0.8141409809702493,0.6684027777777778,0.8551445007324219
T-class,7,1,LIN,classical,full,True,0.8020065941078456,0.1810511897882795,0.7103174603174603,0.8195014741356205,0.689236111111111,0.009270906448364258
T-class,7,1,RBF,classical,full,True,0.7960718970468323,0.18701119655293666,0.7037037037037037,0.8137121415170195,0.6710069444444446,0.11377143859863281
T-class,7,2,LIN,classical,150,False,0.808955223880597,0.18209164278787882,0.7248677248677249,0.8184615384615386,0.7376302083333334,0.02626633644104004
T-class,7,2,RBF,classical,150,False,0.8056652603963556,0.18780939750522158,0.7208994708994709,0.8161350844277675,0.7154947916666666,0.006201744079589844
T-class,7,2,QK,quantum,150,False,0.7672138121742831,0.20120888413699758,0.7076719576719577,0.7700777271508978,0.6595052083333333,0.02319622039794922
T-class,7,2,VQC,quantum,150,False,0.7913425745382351,0.18572287469002857,0.7037037037037037,0.8043956043956043,0.6729600694444444,0.86446213722229
T-class,7,2,LIN,classical,400,False,0.8037792037437516,0.18020262065275988,0.7208994708994709,0.81964084695792,0.7003038194444444,0.003620147705078125
T-class,7,2,RBF,classical,400,False,0.8022157620448824,0.18335379457959922,0.708994708994709,0.818627713749665,0.6759982638888888,0.01300048828125
T-class,7,2,QK,quantum,400,False,0.7647179778069273,0.19711627130413265,0.7103174603174603,0.7727794157062449,0.6358506944444444,0.07732653617858887
T-class,7,2,VQC,quantum,400,False,0.7940582125004432,0.1837108791817285,0.705026455026455,0.8108281961940498,0.6809895833333334,0.8678514957427979
T-class,7,2,LIN,classical,full,True,0.8020065941078456,0.1810511897882795,0.7103174603174603,0.8195014741356205,0.689236111111111,0.009412527084350586
T-class,7,2,RBF,classical,full,True,0.7932711738221009,0.18518737577733765,0.7235449735449735,0.8085660680782631,0.6844618055555556,0.11540699005126953
